"MES_REFERENCIA";"SUBMERCADO";"SEMANA";"PLD_MEDIA_SEMANA"
"200106";NORDESTE;"30/06/2001";684
"200106";NORTE;"30/06/2001";684
"200106";SUDESTE;"30/06/2001";684
"200106";SUL;"30/06/2001";141.61
"200107";NORDESTE;"07/07/2001";684
"200107";NORTE;"07/07/2001";684
"200107";SUDESTE;"07/07/2001";684
"200107";SUL;"07/07/2001";4
"200107";NORDESTE;"14/07/2001";684
"200107";NORTE;"14/07/2001";684
"200107";SUDESTE;"14/07/2001";684
"200107";SUL;"14/07/2001";4
"200107";NORDESTE;"21/07/2001";684
"200107";NORTE;"21/07/2001";684
"200107";SUDESTE;"21/07/2001";684
"200107";SUL;"21/07/2001";86.94
"200107";NORDESTE;"28/07/2001";684
"200107";NORTE;"28/07/2001";684
"200107";SUDESTE;"28/07/2001";684
"200107";SUL;"28/07/2001";4
"200108";NORDESTE;"04/08/2001";684
"200108";NORTE;"04/08/2001";684
"200108";SUDESTE;"04/08/2001";684
"200108";SUL;"04/08/2001";4
"200108";NORDESTE;"11/08/2001";684
"200108";NORTE;"11/08/2001";684
"200108";SUDESTE;"11/08/2001";684
"200108";SUL;"11/08/2001";37.12
"200108";NORDESTE;"18/08/2001";684
"200108";NORTE;"18/08/2001";684
"200108";SUDESTE;"18/08/2001";684
"200108";SUL;"18/08/2001";60.62
"200108";NORDESTE;"25/08/2001";684
"200108";NORTE;"25/08/2001";684
"200108";SUDESTE;"25/08/2001";684
"200108";SUL;"25/08/2001";86.94
"200109";NORDESTE;"01/09/2001";684
"200109";NORTE;"01/09/2001";684
"200109";SUDESTE;"01/09/2001";684
"200109";SUL;"01/09/2001";93.24
"200109";NORDESTE;"08/09/2001";684
"200109";NORTE;"08/09/2001";684
"200109";SUDESTE;"08/09/2001";684
"200109";SUL;"08/09/2001";63.55
"200109";NORDESTE;"15/09/2001";684
"200109";NORTE;"15/09/2001";684
"200109";SUDESTE;"15/09/2001";684
"200109";SUL;"15/09/2001";79.72
"200109";NORDESTE;"22/09/2001";562.15
"200109";NORTE;"22/09/2001";336
"200109";SUDESTE;"22/09/2001";336
"200109";SUL;"22/09/2001";63.55
"200109";NORDESTE;"29/09/2001";562.15
"200109";NORTE;"29/09/2001";336
"200109";SUDESTE;"29/09/2001";336
"200109";SUL;"29/09/2001";63.55
"200110";NORDESTE;"06/10/2001";562.15
"200110";NORTE;"06/10/2001";336
"200110";SUDESTE;"06/10/2001";336
"200110";SUL;"06/10/2001";4
"200110";NORDESTE;"13/10/2001";562.15
"200110";NORTE;"13/10/2001";336
"200110";SUDESTE;"13/10/2001";336
"200110";SUL;"13/10/2001";4
"200110";NORDESTE;"20/10/2001";562.15
"200110";NORTE;"20/10/2001";336
"200110";SUDESTE;"20/10/2001";336
"200110";SUL;"20/10/2001";4
"200110";NORDESTE;"27/10/2001";562.15
"200110";NORTE;"27/10/2001";336
"200110";SUDESTE;"27/10/2001";336
"200110";SUL;"27/10/2001";4
"200111";NORDESTE;"03/11/2001";562.15
"200111";NORTE;"03/11/2001";336
"200111";SUDESTE;"03/11/2001";336
"200111";SUL;"03/11/2001";41.74
"200111";NORDESTE;"10/11/2001";562.15
"200111";NORTE;"10/11/2001";336
"200111";SUDESTE;"10/11/2001";336
"200111";SUL;"10/11/2001";46.62
"200111";NORDESTE;"17/11/2001";562.15
"200111";NORTE;"17/11/2001";336
"200111";SUDESTE;"17/11/2001";336
"200111";SUL;"17/11/2001";41.74
"200111";NORDESTE;"24/11/2001";562.15
"200111";NORTE;"24/11/2001";336
"200111";SUDESTE;"24/11/2001";336
"200111";SUL;"24/11/2001";31.82
"200112";NORDESTE;"01/12/2001";562.15
"200112";NORTE;"01/12/2001";336
"200112";SUDESTE;"01/12/2001";336
"200112";SUL;"01/12/2001";4
"200112";NORDESTE;"08/12/2001";562.15
"200112";NORTE;"08/12/2001";336
"200112";SUDESTE;"08/12/2001";336
"200112";SUL;"08/12/2001";4
"200112";NORDESTE;"15/12/2001";562.15
"200112";NORTE;"15/12/2001";336
"200112";SUDESTE;"15/12/2001";336
"200112";SUL;"15/12/2001";49.3
"200112";NORDESTE;"22/12/2001";562.15
"200112";NORTE;"22/12/2001";336
"200112";SUDESTE;"22/12/2001";336
"200112";SUL;"22/12/2001";41.74
"200112";NORDESTE;"29/12/2001";562.15
"200112";NORTE;"29/12/2001";336
"200112";SUDESTE;"29/12/2001";336
"200112";SUL;"29/12/2001";41.74
"200201";NORDESTE;"01/01/2002";562.15
"200201";NORTE;"01/01/2002";4
"200201";SUDESTE;"01/01/2002";336
"200201";SUL;"01/01/2002";41.74
"200201";NORDESTE;"05/01/2002";562.15
"200201";NORTE;"05/01/2002";4
"200201";SUDESTE;"05/01/2002";336
"200201";SUL;"05/01/2002";64.04
"200201";NORDESTE;"12/01/2002";562.15
"200201";NORTE;"12/01/2002";4
"200201";SUDESTE;"12/01/2002";336
"200201";SUL;"12/01/2002";64.04
"200201";NORDESTE;"19/01/2002";562.15
"200201";NORTE;"19/01/2002";4
"200201";SUDESTE;"19/01/2002";336
"200201";SUL;"19/01/2002";64.04
"200201";NORDESTE;"26/01/2002";319.41
"200201";NORTE;"26/01/2002";4.19
"200201";SUDESTE;"26/01/2002";134.76
"200201";SUL;"26/01/2002";8.88
"200202";NORDESTE;"02/02/2002";319.41
"200202";NORTE;"02/02/2002";5.17
"200202";SUDESTE;"02/02/2002";134.76
"200202";SUL;"02/02/2002";10.82
"200202";NORDESTE;"09/02/2002";319.41
"200202";NORTE;"09/02/2002";4.19
"200202";SUDESTE;"09/02/2002";9.25
"200202";SUL;"09/02/2002";8.88
"200202";NORDESTE;"16/02/2002";319.41
"200202";NORTE;"16/02/2002";4
"200202";SUDESTE;"16/02/2002";5.42
"200202";SUL;"16/02/2002";5.14
"200202";NORDESTE;"23/02/2002";319.41
"200202";NORTE;"23/02/2002";4.49
"200202";SUDESTE;"23/02/2002";8.14
"200202";SUL;"23/02/2002";6.97
"200203";NORDESTE;"02/03/2002";4
"200203";NORTE;"02/03/2002";4
"200203";SUDESTE;"02/03/2002";4.66
"200203";SUL;"02/03/2002";4.12
"200203";NORDESTE;"09/03/2002";4.88
"200203";NORTE;"09/03/2002";4.88
"200203";SUDESTE;"09/03/2002";8.7
"200203";SUL;"09/03/2002";8.38
"200203";NORDESTE;"16/03/2002";7.32
"200203";NORTE;"16/03/2002";7.32
"200203";SUDESTE;"16/03/2002";13.1
"200203";SUL;"16/03/2002";12.32
"200203";NORDESTE;"23/03/2002";7.04
"200203";NORTE;"23/03/2002";7.04
"200203";SUDESTE;"23/03/2002";12.3
"200203";SUL;"23/03/2002";11.21
"200203";NORDESTE;"30/03/2002";6.17
"200203";NORTE;"30/03/2002";6.17
"200203";SUDESTE;"30/03/2002";11.64
"200203";SUL;"30/03/2002";11.64
"200204";NORDESTE;"06/04/2002";5.72
"200204";NORTE;"06/04/2002";5.72
"200204";SUDESTE;"06/04/2002";10.87
"200204";SUL;"06/04/2002";11.09
"200204";NORDESTE;"13/04/2002";8.71
"200204";NORTE;"13/04/2002";8.71
"200204";SUDESTE;"13/04/2002";15.84
"200204";SUL;"13/04/2002";17.03
"200204";NORDESTE;"20/04/2002";8.75
"200204";NORTE;"20/04/2002";8.75
"200204";SUDESTE;"20/04/2002";15.96
"200204";SUL;"20/04/2002";16.37
"200204";NORDESTE;"27/04/2002";4
"200204";NORTE;"27/04/2002";20.11
"200204";SUDESTE;"27/04/2002";20.11
"200204";SUL;"27/04/2002";20.09
"200205";NORDESTE;"04/05/2002";4.38
"200205";NORTE;"04/05/2002";25.31
"200205";SUDESTE;"04/05/2002";25.31
"200205";SUL;"04/05/2002";26.67
"200205";NORDESTE;"11/05/2002";4
"200205";NORTE;"11/05/2002";4
"200205";SUDESTE;"11/05/2002";18.95
"200205";SUL;"11/05/2002";20.13
"200205";NORDESTE;"18/05/2002";4.13
"200205";NORTE;"18/05/2002";4.13
"200205";SUDESTE;"18/05/2002";20.89
"200205";SUL;"18/05/2002";22.86
"200205";NORDESTE;"25/05/2002";4
"200205";NORTE;"25/05/2002";4
"200205";SUDESTE;"25/05/2002";12.92
"200205";SUL;"25/05/2002";11.36
"200206";NORDESTE;"01/06/2002";5.57
"200206";NORTE;"01/06/2002";5.57
"200206";SUDESTE;"01/06/2002";8.91
"200206";SUL;"01/06/2002";4
"200206";NORDESTE;"08/06/2002";7.69
"200206";NORTE;"08/06/2002";6.6
"200206";SUDESTE;"08/06/2002";14.21
"200206";SUL;"08/06/2002";14.14
"200206";NORDESTE;"15/06/2002";7.73
"200206";NORTE;"15/06/2002";7.16
"200206";SUDESTE;"15/06/2002";14.42
"200206";SUL;"15/06/2002";13.91
"200206";NORDESTE;"22/06/2002";7.61
"200206";NORTE;"22/06/2002";6.3
"200206";SUDESTE;"22/06/2002";15.3
"200206";SUL;"22/06/2002";14.09
"200206";NORDESTE;"29/06/2002";15.89
"200206";NORTE;"29/06/2002";15.57
"200206";SUDESTE;"29/06/2002";15.97
"200206";SUL;"29/06/2002";15.95
"200207";NORDESTE;"06/07/2002";17.52
"200207";NORTE;"06/07/2002";14.12
"200207";SUDESTE;"06/07/2002";17.79
"200207";SUL;"06/07/2002";17.79
"200207";NORDESTE;"13/07/2002";17.35
"200207";NORTE;"13/07/2002";12.19
"200207";SUDESTE;"13/07/2002";17.9
"200207";SUL;"13/07/2002";17.9
"200207";NORDESTE;"20/07/2002";15.59
"200207";NORTE;"20/07/2002";12.36
"200207";SUDESTE;"20/07/2002";16.22
"200207";SUL;"20/07/2002";16.22
"200207";NORDESTE;"27/07/2002";15.44
"200207";NORTE;"27/07/2002";14.69
"200207";SUDESTE;"27/07/2002";14.69
"200207";SUL;"27/07/2002";16.21
"200208";NORDESTE;"03/08/2002";13.52
"200208";NORTE;"03/08/2002";13.3
"200208";SUDESTE;"03/08/2002";13.6
"200208";SUL;"03/08/2002";15.39
"200208";NORDESTE;"10/08/2002";11.72
"200208";NORTE;"10/08/2002";9.43
"200208";SUDESTE;"10/08/2002";9.43
"200208";SUL;"10/08/2002";9.37
"200208";NORDESTE;"17/08/2002";12.41
"200208";NORTE;"17/08/2002";10.08
"200208";SUDESTE;"17/08/2002";10.08
"200208";SUL;"17/08/2002";10.02
"200208";NORDESTE;"24/08/2002";14.07
"200208";NORTE;"24/08/2002";11.83
"200208";SUDESTE;"24/08/2002";11.83
"200208";SUL;"24/08/2002";11.94
"200208";NORDESTE;"31/08/2002";5.9
"200208";NORTE;"31/08/2002";5.9
"200208";SUDESTE;"31/08/2002";6.93
"200208";SUL;"31/08/2002";6.93
"200209";NORDESTE;"07/09/2002";5.75
"200209";NORTE;"07/09/2002";5.75
"200209";SUDESTE;"07/09/2002";6.53
"200209";SUL;"07/09/2002";7.09
"200209";NORDESTE;"14/09/2002";5.54
"200209";NORTE;"14/09/2002";5.54
"200209";SUDESTE;"14/09/2002";5.9
"200209";SUL;"14/09/2002";6.08
"200209";NORDESTE;"21/09/2002";4.86
"200209";NORTE;"21/09/2002";4.86
"200209";SUDESTE;"21/09/2002";4.87
"200209";SUL;"21/09/2002";4.74
"200209";NORDESTE;"28/09/2002";4
"200209";NORTE;"28/09/2002";4
"200209";SUDESTE;"28/09/2002";4
"200209";SUL;"28/09/2002";4
"200210";NORDESTE;"05/10/2002";4
"200210";NORTE;"05/10/2002";4
"200210";SUDESTE;"05/10/2002";4
"200210";SUL;"05/10/2002";4
"200210";NORDESTE;"12/10/2002";4.01
"200210";NORTE;"12/10/2002";4.01
"200210";SUDESTE;"12/10/2002";4.09
"200210";SUL;"12/10/2002";4
"200210";NORDESTE;"19/10/2002";4.62
"200210";NORTE;"19/10/2002";4.62
"200210";SUDESTE;"19/10/2002";4.87
"200210";SUL;"19/10/2002";4
"200210";NORDESTE;"26/10/2002";6.61
"200210";NORTE;"26/10/2002";6.61
"200210";SUDESTE;"26/10/2002";7.24
"200210";SUL;"26/10/2002";7.24
"200211";NORDESTE;"02/11/2002";6.72
"200211";NORTE;"02/11/2002";6.72
"200211";SUDESTE;"02/11/2002";7.21
"200211";SUL;"02/11/2002";4
"200211";NORDESTE;"09/11/2002";5.66
"200211";NORTE;"09/11/2002";5.77
"200211";SUDESTE;"09/11/2002";5.92
"200211";SUL;"09/11/2002";4
"200211";NORDESTE;"16/11/2002";5.9
"200211";NORTE;"16/11/2002";5.9
"200211";SUDESTE;"16/11/2002";6.29
"200211";SUL;"16/11/2002";4
"200211";NORDESTE;"23/11/2002";5.67
"200211";NORTE;"23/11/2002";6.98
"200211";SUDESTE;"23/11/2002";6.37
"200211";SUL;"23/11/2002";5.67
"200211";NORDESTE;"30/11/2002";5.66
"200211";NORTE;"30/11/2002";5.84
"200211";SUDESTE;"30/11/2002";5.58
"200211";SUL;"30/11/2002";5.18
"200212";NORDESTE;"07/12/2002";5.74
"200212";NORTE;"07/12/2002";7.16
"200212";SUDESTE;"07/12/2002";5.65
"200212";SUL;"07/12/2002";4
"200212";NORDESTE;"14/12/2002";6.13
"200212";NORTE;"14/12/2002";9.46
"200212";SUDESTE;"14/12/2002";5.64
"200212";SUL;"14/12/2002";4
"200212";NORDESTE;"21/12/2002";4.01
"200212";NORTE;"21/12/2002";4.01
"200212";SUDESTE;"21/12/2002";4
"200212";SUL;"21/12/2002";4
"200212";NORDESTE;"28/12/2002";4
"200212";NORTE;"28/12/2002";4
"200212";SUDESTE;"28/12/2002";4
"200212";SUL;"28/12/2002";4
"200301";NORDESTE;"04/01/2003";5.23
"200301";NORTE;"04/01/2003";5.23
"200301";SUDESTE;"04/01/2003";4.17
"200301";SUL;"04/01/2003";4.1
"200301";NORDESTE;"11/01/2003";4
"200301";NORTE;"11/01/2003";4
"200301";SUDESTE;"11/01/2003";4
"200301";SUL;"11/01/2003";4
"200301";NORDESTE;"18/01/2003";4.25
"200301";NORTE;"18/01/2003";4.06
"200301";SUDESTE;"18/01/2003";4.06
"200301";SUL;"18/01/2003";4
"200301";NORDESTE;"25/01/2003";4
"200301";NORTE;"25/01/2003";4
"200301";SUDESTE;"25/01/2003";4
"200301";SUL;"25/01/2003";4
"200302";NORDESTE;"01/02/2003";4
"200302";NORTE;"01/02/2003";4
"200302";SUDESTE;"01/02/2003";4
"200302";SUL;"01/02/2003";4
"200302";NORDESTE;"08/02/2003";4
"200302";NORTE;"08/02/2003";4
"200302";SUDESTE;"08/02/2003";4
"200302";SUL;"08/02/2003";4
"200302";NORDESTE;"15/02/2003";4
"200302";NORTE;"15/02/2003";4
"200302";SUDESTE;"15/02/2003";4
"200302";SUL;"15/02/2003";4
"200302";NORDESTE;"22/02/2003";4
"200302";NORTE;"22/02/2003";4
"200302";SUDESTE;"22/02/2003";4
"200302";SUL;"22/02/2003";4
"200303";NORDESTE;"01/03/2003";4
"200303";NORTE;"01/03/2003";4
"200303";SUDESTE;"01/03/2003";4
"200303";SUL;"01/03/2003";4
"200303";NORDESTE;"08/03/2003";4
"200303";NORTE;"08/03/2003";4
"200303";SUDESTE;"08/03/2003";4
"200303";SUL;"08/03/2003";4
"200303";NORDESTE;"15/03/2003";4
"200303";NORTE;"15/03/2003";4
"200303";SUDESTE;"15/03/2003";4
"200303";SUL;"15/03/2003";4
"200303";NORDESTE;"22/03/2003";4
"200303";NORTE;"22/03/2003";4
"200303";SUDESTE;"22/03/2003";4
"200303";SUL;"22/03/2003";4
"200303";NORDESTE;"29/03/2003";4
"200303";NORTE;"29/03/2003";4
"200303";SUDESTE;"29/03/2003";4
"200303";SUL;"29/03/2003";4
"200304";NORDESTE;"01/04/2003";5.48
"200304";NORTE;"01/04/2003";5.48
"200304";SUDESTE;"01/04/2003";5.48
"200304";SUL;"01/04/2003";5.48
"200304";NORDESTE;"05/04/2003";5.48
"200304";NORTE;"05/04/2003";5.48
"200304";SUDESTE;"05/04/2003";5.48
"200304";SUL;"05/04/2003";5.48
"200304";NORDESTE;"12/04/2003";5.48
"200304";NORTE;"12/04/2003";5.48
"200304";SUDESTE;"12/04/2003";5.48
"200304";SUL;"12/04/2003";5.48
"200304";NORDESTE;"19/04/2003";5.48
"200304";NORTE;"19/04/2003";5.48
"200304";SUDESTE;"19/04/2003";5.48
"200304";SUL;"19/04/2003";5.48
"200304";NORDESTE;"26/04/2003";5.48
"200304";NORTE;"26/04/2003";5.48
"200304";SUDESTE;"26/04/2003";5.48
"200304";SUL;"26/04/2003";5.48
"200305";NORDESTE;"03/05/2003";5.57
"200305";NORTE;"03/05/2003";5.49
"200305";SUDESTE;"03/05/2003";6.65
"200305";SUL;"03/05/2003";6.65
"200305";NORDESTE;"10/05/2003";5.96
"200305";NORTE;"10/05/2003";5.79
"200305";SUDESTE;"10/05/2003";6.64
"200305";SUL;"10/05/2003";6.64
"200305";NORDESTE;"17/05/2003";6.25
"200305";NORTE;"17/05/2003";6.25
"200305";SUDESTE;"17/05/2003";7.25
"200305";SUL;"17/05/2003";7.25
"200305";NORDESTE;"24/05/2003";7.1
"200305";NORTE;"24/05/2003";7.1
"200305";SUDESTE;"24/05/2003";8.52
"200305";SUL;"24/05/2003";8.52
"200305";NORDESTE;"31/05/2003";11.49
"200305";NORTE;"31/05/2003";9.31
"200305";SUDESTE;"31/05/2003";12.03
"200305";SUL;"31/05/2003";12.03
"200306";NORDESTE;"07/06/2003";11.31
"200306";NORTE;"07/06/2003";11.31
"200306";SUDESTE;"07/06/2003";12.11
"200306";SUL;"07/06/2003";12.11
"200306";NORDESTE;"14/06/2003";9.17
"200306";NORTE;"14/06/2003";9.17
"200306";SUDESTE;"14/06/2003";9.17
"200306";SUL;"14/06/2003";9.17
"200306";NORDESTE;"21/06/2003";10.55
"200306";NORTE;"21/06/2003";10.55
"200306";SUDESTE;"21/06/2003";10.72
"200306";SUL;"21/06/2003";10.72
"200306";NORDESTE;"28/06/2003";9.98
"200306";NORTE;"28/06/2003";13.52
"200306";SUDESTE;"28/06/2003";13.52
"200306";SUL;"28/06/2003";13.52
"200307";NORDESTE;"05/07/2003";10.33
"200307";NORTE;"05/07/2003";14.35
"200307";SUDESTE;"05/07/2003";14.39
"200307";SUL;"05/07/2003";14.67
"200307";NORDESTE;"12/07/2003";10.84
"200307";NORTE;"12/07/2003";13.79
"200307";SUDESTE;"12/07/2003";13.85
"200307";SUL;"12/07/2003";16.96
"200307";NORDESTE;"19/07/2003";9.04
"200307";NORTE;"19/07/2003";11.84
"200307";SUDESTE;"19/07/2003";11.87
"200307";SUL;"19/07/2003";11.89
"200307";NORDESTE;"26/07/2003";9.08
"200307";NORTE;"26/07/2003";12.02
"200307";SUDESTE;"26/07/2003";12.05
"200307";SUL;"26/07/2003";12.13
"200308";NORDESTE;"02/08/2003";13.12
"200308";NORTE;"02/08/2003";15.52
"200308";SUDESTE;"02/08/2003";15.6
"200308";SUL;"02/08/2003";17.16
"200308";NORDESTE;"09/08/2003";14.31
"200308";NORTE;"09/08/2003";18.66
"200308";SUDESTE;"09/08/2003";18.67
"200308";SUL;"09/08/2003";18.98
"200308";NORDESTE;"16/08/2003";13.64
"200308";NORTE;"16/08/2003";17.39
"200308";SUDESTE;"16/08/2003";17.47
"200308";SUL;"16/08/2003";18.75
"200308";NORDESTE;"23/08/2003";12.93
"200308";NORTE;"23/08/2003";16.72
"200308";SUDESTE;"23/08/2003";16.81
"200308";SUL;"23/08/2003";20.34
"200308";NORDESTE;"30/08/2003";13.77
"200308";NORTE;"30/08/2003";16.88
"200308";SUDESTE;"30/08/2003";16.88
"200308";SUL;"30/08/2003";18.76
"200309";NORDESTE;"06/09/2003";14.3
"200309";NORTE;"06/09/2003";17.72
"200309";SUDESTE;"06/09/2003";17.72
"200309";SUL;"06/09/2003";20.41
"200309";NORDESTE;"13/09/2003";13.62
"200309";NORTE;"13/09/2003";17.03
"200309";SUDESTE;"13/09/2003";17.03
"200309";SUL;"13/09/2003";19.53
"200309";NORDESTE;"20/09/2003";16.95
"200309";NORTE;"20/09/2003";17.93
"200309";SUDESTE;"20/09/2003";17.93
"200309";SUL;"20/09/2003";20.56
"200309";NORDESTE;"27/09/2003";20.02
"200309";NORTE;"27/09/2003";23.91
"200309";SUDESTE;"27/09/2003";23.91
"200309";SUL;"27/09/2003";24.37
"200310";NORDESTE;"04/10/2003";21.13
"200310";NORTE;"04/10/2003";26.65
"200310";SUDESTE;"04/10/2003";26.65
"200310";SUL;"04/10/2003";27.3
"200310";NORDESTE;"11/10/2003";20.05
"200310";NORTE;"11/10/2003";26.83
"200310";SUDESTE;"11/10/2003";26.83
"200310";SUL;"11/10/2003";27.69
"200310";NORDESTE;"18/10/2003";17.32
"200310";NORTE;"18/10/2003";22.69
"200310";SUDESTE;"18/10/2003";22.7
"200310";SUL;"18/10/2003";23.01
"200310";NORDESTE;"25/10/2003";20.95
"200310";NORTE;"25/10/2003";27.5
"200310";SUDESTE;"25/10/2003";27.87
"200310";SUL;"25/10/2003";28.01
"200311";NORDESTE;"01/11/2003";20.5
"200311";NORTE;"01/11/2003";24.11
"200311";SUDESTE;"01/11/2003";24.35
"200311";SUL;"01/11/2003";25.93
"200311";NORDESTE;"08/11/2003";23.2
"200311";NORTE;"08/11/2003";27.67
"200311";SUDESTE;"08/11/2003";27.67
"200311";SUL;"08/11/2003";30.56
"200311";NORDESTE;"15/11/2003";26.7
"200311";NORTE;"15/11/2003";31.9
"200311";SUDESTE;"15/11/2003";31.9
"200311";SUL;"15/11/2003";35.12
"200311";NORDESTE;"22/11/2003";29.19
"200311";NORTE;"22/11/2003";29.19
"200311";SUDESTE;"22/11/2003";29.19
"200311";SUL;"22/11/2003";29.3
"200311";NORDESTE;"29/11/2003";21.95
"200311";NORTE;"29/11/2003";23.62
"200311";SUDESTE;"29/11/2003";24.63
"200311";SUL;"29/11/2003";24.63
"200312";NORDESTE;"01/12/2003";82.72
"200312";NORTE;"01/12/2003";24.25
"200312";SUDESTE;"01/12/2003";24.79
"200312";SUL;"01/12/2003";24.79
"200312";NORDESTE;"06/12/2003";82.72
"200312";NORTE;"06/12/2003";22.89
"200312";SUDESTE;"06/12/2003";23.47
"200312";SUL;"06/12/2003";23.47
"200312";NORDESTE;"13/12/2003";16.95
"200312";NORTE;"13/12/2003";16.95
"200312";SUDESTE;"13/12/2003";16.95
"200312";SUL;"13/12/2003";16.95
"200312";NORDESTE;"20/12/2003";18.45
"200312";NORTE;"20/12/2003";18.82
"200312";SUDESTE;"20/12/2003";18.82
"200312";SUL;"20/12/2003";18.81
"200312";NORDESTE;"27/12/2003";58.24
"200312";NORTE;"27/12/2003";17.2
"200312";SUDESTE;"27/12/2003";17.39
"200312";SUL;"27/12/2003";17.39
"200401";NORDESTE;"03/01/2004";412.83
"200401";NORTE;"03/01/2004";26.97
"200401";SUDESTE;"03/01/2004";27.05
"200401";SUL;"03/01/2004";27.05
"200401";NORDESTE;"10/01/2004";299.73
"200401";NORTE;"10/01/2004";25.06
"200401";SUDESTE;"10/01/2004";25.34
"200401";SUL;"10/01/2004";25.34
"200401";NORDESTE;"17/01/2004";315.21
"200401";NORTE;"17/01/2004";16.95
"200401";SUDESTE;"17/01/2004";17.58
"200401";SUL;"17/01/2004";17.58
"200401";NORDESTE;"24/01/2004";255.33
"200401";NORTE;"24/01/2004";18.59
"200401";SUDESTE;"24/01/2004";27.28
"200401";SUL;"24/01/2004";27.28
"200401";NORDESTE;"31/01/2004";18.59
"200401";NORTE;"31/01/2004";18.59
"200401";SUDESTE;"31/01/2004";18.59
"200401";SUL;"31/01/2004";18.59
"200402";NORDESTE;"07/02/2004";18.59
"200402";NORTE;"07/02/2004";18.59
"200402";SUDESTE;"07/02/2004";18.59
"200402";SUL;"07/02/2004";18.59
"200402";NORDESTE;"14/02/2004";18.59
"200402";NORTE;"14/02/2004";18.59
"200402";SUDESTE;"14/02/2004";18.59
"200402";SUL;"14/02/2004";18.59
"200402";NORDESTE;"21/02/2004";18.59
"200402";NORTE;"21/02/2004";18.59
"200402";SUDESTE;"21/02/2004";18.59
"200402";SUL;"21/02/2004";18.59
"200402";NORDESTE;"28/02/2004";18.59
"200402";NORTE;"28/02/2004";18.59
"200402";SUDESTE;"28/02/2004";18.59
"200402";SUL;"28/02/2004";18.59
"200403";NORDESTE;"06/03/2004";18.59
"200403";NORTE;"06/03/2004";18.59
"200403";SUDESTE;"06/03/2004";18.59
"200403";SUL;"06/03/2004";18.59
"200403";NORDESTE;"13/03/2004";18.59
"200403";NORTE;"13/03/2004";18.59
"200403";SUDESTE;"13/03/2004";18.59
"200403";SUL;"13/03/2004";18.59
"200403";NORDESTE;"20/03/2004";18.59
"200403";NORTE;"20/03/2004";18.59
"200403";SUDESTE;"20/03/2004";18.59
"200403";SUL;"20/03/2004";18.59
"200403";NORDESTE;"27/03/2004";18.59
"200403";NORTE;"27/03/2004";18.59
"200403";SUDESTE;"27/03/2004";18.59
"200403";SUL;"27/03/2004";18.59
"200404";NORDESTE;"03/04/2004";18.59
"200404";NORTE;"03/04/2004";18.59
"200404";SUDESTE;"03/04/2004";18.59
"200404";SUL;"03/04/2004";18.59
"200404";NORDESTE;"10/04/2004";18.59
"200404";NORTE;"10/04/2004";18.59
"200404";SUDESTE;"10/04/2004";18.59
"200404";SUL;"10/04/2004";18.59
"200404";NORDESTE;"17/04/2004";18.59
"200404";NORTE;"17/04/2004";18.59
"200404";SUDESTE;"17/04/2004";18.59
"200404";SUL;"17/04/2004";18.59
"200404";NORDESTE;"24/04/2004";18.59
"200404";NORTE;"24/04/2004";18.59
"200404";SUDESTE;"24/04/2004";18.59
"200404";SUL;"24/04/2004";18.59
"200405";NORDESTE;"01/05/2004";18.59
"200405";NORTE;"01/05/2004";18.59
"200405";SUDESTE;"01/05/2004";18.59
"200405";SUL;"01/05/2004";18.59
"200405";NORDESTE;"08/05/2004";18.59
"200405";NORTE;"08/05/2004";18.59
"200405";SUDESTE;"08/05/2004";18.59
"200405";SUL;"08/05/2004";18.59
"200405";NORDESTE;"15/05/2004";18.59
"200405";NORTE;"15/05/2004";18.59
"200405";SUDESTE;"15/05/2004";18.59
"200405";SUL;"15/05/2004";18.59
"200405";NORDESTE;"22/05/2004";18.59
"200405";NORTE;"22/05/2004";18.59
"200405";SUDESTE;"22/05/2004";18.59
"200405";SUL;"22/05/2004";18.59
"200405";NORDESTE;"29/05/2004";18.59
"200405";NORTE;"29/05/2004";18.59
"200405";SUDESTE;"29/05/2004";18.59
"200405";SUL;"29/05/2004";18.59
"200406";NORDESTE;"05/06/2004";18.59
"200406";NORTE;"05/06/2004";18.59
"200406";SUDESTE;"05/06/2004";18.59
"200406";SUL;"05/06/2004";18.59
"200406";NORDESTE;"12/06/2004";18.59
"200406";NORTE;"12/06/2004";18.59
"200406";SUDESTE;"12/06/2004";18.59
"200406";SUL;"12/06/2004";18.59
"200406";NORDESTE;"19/06/2004";18.59
"200406";NORTE;"19/06/2004";18.59
"200406";SUDESTE;"19/06/2004";18.59
"200406";SUL;"19/06/2004";18.59
"200406";NORDESTE;"26/06/2004";18.59
"200406";NORTE;"26/06/2004";18.59
"200406";SUDESTE;"26/06/2004";18.59
"200406";SUL;"26/06/2004";18.59
"200407";NORDESTE;"03/07/2004";18.59
"200407";NORTE;"03/07/2004";18.59
"200407";SUDESTE;"03/07/2004";18.59
"200407";SUL;"03/07/2004";18.59
"200407";NORDESTE;"10/07/2004";18.59
"200407";NORTE;"10/07/2004";18.59
"200407";SUDESTE;"10/07/2004";18.59
"200407";SUL;"10/07/2004";18.59
"200407";NORDESTE;"17/07/2004";18.59
"200407";NORTE;"17/07/2004";18.59
"200407";SUDESTE;"17/07/2004";18.59
"200407";SUL;"17/07/2004";18.59
"200407";NORDESTE;"24/07/2004";18.59
"200407";NORTE;"24/07/2004";18.59
"200407";SUDESTE;"24/07/2004";18.59
"200407";SUL;"24/07/2004";18.59
"200407";NORDESTE;"31/07/2004";18.59
"200407";NORTE;"31/07/2004";18.59
"200407";SUDESTE;"31/07/2004";18.59
"200407";SUL;"31/07/2004";18.59
"200408";NORDESTE;"07/08/2004";18.59
"200408";NORTE;"07/08/2004";18.59
"200408";SUDESTE;"07/08/2004";18.59
"200408";SUL;"07/08/2004";18.59
"200408";NORDESTE;"14/08/2004";18.59
"200408";NORTE;"14/08/2004";18.59
"200408";SUDESTE;"14/08/2004";18.59
"200408";SUL;"14/08/2004";18.59
"200408";NORDESTE;"21/08/2004";18.59
"200408";NORTE;"21/08/2004";18.59
"200408";SUDESTE;"21/08/2004";18.59
"200408";SUL;"21/08/2004";18.59
"200408";NORDESTE;"28/08/2004";18.59
"200408";NORTE;"28/08/2004";18.59
"200408";SUDESTE;"28/08/2004";18.59
"200408";SUL;"28/08/2004";18.59
"200409";NORDESTE;"04/09/2004";18.59
"200409";NORTE;"04/09/2004";18.59
"200409";SUDESTE;"04/09/2004";18.59
"200409";SUL;"04/09/2004";18.59
"200409";NORDESTE;"11/09/2004";18.59
"200409";NORTE;"11/09/2004";18.59
"200409";SUDESTE;"11/09/2004";18.59
"200409";SUL;"11/09/2004";18.59
"200409";NORDESTE;"18/09/2004";18.59
"200409";NORTE;"18/09/2004";18.59
"200409";SUDESTE;"18/09/2004";18.59
"200409";SUL;"18/09/2004";18.59
"200409";NORDESTE;"25/09/2004";18.59
"200409";NORTE;"25/09/2004";18.59
"200409";SUDESTE;"25/09/2004";18.59
"200409";SUL;"25/09/2004";18.59
"200410";NORDESTE;"02/10/2004";18.59
"200410";NORTE;"02/10/2004";18.59
"200410";SUDESTE;"02/10/2004";18.59
"200410";SUL;"02/10/2004";18.59
"200410";NORDESTE;"09/10/2004";18.59
"200410";NORTE;"09/10/2004";19.32
"200410";SUDESTE;"09/10/2004";19.32
"200410";SUL;"09/10/2004";19.32
"200410";NORDESTE;"16/10/2004";18.59
"200410";NORTE;"16/10/2004";18.59
"200410";SUDESTE;"16/10/2004";18.59
"200410";SUL;"16/10/2004";18.59
"200410";NORDESTE;"23/10/2004";18.59
"200410";NORTE;"23/10/2004";18.59
"200410";SUDESTE;"23/10/2004";18.59
"200410";SUL;"23/10/2004";18.59
"200410";NORDESTE;"30/10/2004";18.59
"200410";NORTE;"30/10/2004";18.59
"200410";SUDESTE;"30/10/2004";18.59
"200410";SUL;"30/10/2004";18.59
"200411";NORDESTE;"06/11/2004";18.59
"200411";NORTE;"06/11/2004";18.59
"200411";SUDESTE;"06/11/2004";18.59
"200411";SUL;"06/11/2004";18.59
"200411";NORDESTE;"13/11/2004";18.59
"200411";NORTE;"13/11/2004";18.59
"200411";SUDESTE;"13/11/2004";18.59
"200411";SUL;"13/11/2004";18.59
"200411";NORDESTE;"20/11/2004";18.59
"200411";NORTE;"20/11/2004";18.59
"200411";SUDESTE;"20/11/2004";18.59
"200411";SUL;"20/11/2004";18.59
"200411";NORDESTE;"27/11/2004";18.59
"200411";NORTE;"27/11/2004";18.59
"200411";SUDESTE;"27/11/2004";18.59
"200411";SUL;"27/11/2004";18.59
"200412";NORDESTE;"04/12/2004";18.59
"200412";NORTE;"04/12/2004";18.59
"200412";SUDESTE;"04/12/2004";18.59
"200412";SUL;"04/12/2004";18.59
"200412";NORDESTE;"11/12/2004";18.59
"200412";NORTE;"11/12/2004";18.59
"200412";SUDESTE;"11/12/2004";18.59
"200412";SUL;"11/12/2004";18.59
"200412";NORDESTE;"18/12/2004";18.59
"200412";NORTE;"18/12/2004";18.59
"200412";SUDESTE;"18/12/2004";18.59
"200412";SUL;"18/12/2004";18.59
"200412";NORDESTE;"25/12/2004";18.59
"200412";NORTE;"25/12/2004";18.59
"200412";SUDESTE;"25/12/2004";18.59
"200412";SUL;"25/12/2004";18.59
"200501";NORDESTE;"01/01/2005";18.33
"200501";NORTE;"01/01/2005";18.33
"200501";SUDESTE;"01/01/2005";18.33
"200501";SUL;"01/01/2005";18.33
"200501";NORDESTE;"08/01/2005";18.33
"200501";NORTE;"08/01/2005";18.33
"200501";SUDESTE;"08/01/2005";18.33
"200501";SUL;"08/01/2005";18.33
"200501";NORDESTE;"15/01/2005";18.33
"200501";NORTE;"15/01/2005";18.33
"200501";SUDESTE;"15/01/2005";18.33
"200501";SUL;"15/01/2005";18.33
"200501";NORDESTE;"22/01/2005";18.33
"200501";NORTE;"22/01/2005";18.33
"200501";SUDESTE;"22/01/2005";18.33
"200501";SUL;"22/01/2005";18.33
"200501";NORDESTE;"29/01/2005";18.33
"200501";NORTE;"29/01/2005";18.33
"200501";SUDESTE;"29/01/2005";18.33
"200501";SUL;"29/01/2005";18.33
"200502";NORDESTE;"05/02/2005";18.33
"200502";NORTE;"05/02/2005";18.33
"200502";SUDESTE;"05/02/2005";18.33
"200502";SUL;"05/02/2005";18.33
"200502";NORDESTE;"12/02/2005";18.33
"200502";NORTE;"12/02/2005";18.33
"200502";SUDESTE;"12/02/2005";18.33
"200502";SUL;"12/02/2005";18.33
"200502";NORDESTE;"19/02/2005";18.33
"200502";NORTE;"19/02/2005";18.33
"200502";SUDESTE;"19/02/2005";18.33
"200502";SUL;"19/02/2005";18.33
"200502";NORDESTE;"26/02/2005";18.33
"200502";NORTE;"26/02/2005";18.33
"200502";SUDESTE;"26/02/2005";18.33
"200502";SUL;"26/02/2005";24.6
"200503";NORDESTE;"05/03/2005";18.33
"200503";NORTE;"05/03/2005";18.33
"200503";SUDESTE;"05/03/2005";18.33
"200503";SUL;"05/03/2005";26.74
"200503";NORDESTE;"12/03/2005";18.33
"200503";NORTE;"12/03/2005";18.33
"200503";SUDESTE;"12/03/2005";18.33
"200503";SUL;"12/03/2005";25.1
"200503";NORDESTE;"19/03/2005";18.33
"200503";NORTE;"19/03/2005";18.33
"200503";SUDESTE;"19/03/2005";18.33
"200503";SUL;"19/03/2005";25.08
"200503";NORDESTE;"26/03/2005";18.33
"200503";NORTE;"26/03/2005";18.33
"200503";SUDESTE;"26/03/2005";18.33
"200503";SUL;"26/03/2005";32.28
"200504";NORDESTE;"02/04/2005";18.33
"200504";NORTE;"02/04/2005";18.33
"200504";SUDESTE;"02/04/2005";18.33
"200504";SUL;"02/04/2005";133.75
"200504";NORDESTE;"09/04/2005";18.33
"200504";NORTE;"09/04/2005";18.33
"200504";SUDESTE;"09/04/2005";19.83
"200504";SUL;"09/04/2005";37.81
"200504";NORDESTE;"16/04/2005";18.33
"200504";NORTE;"16/04/2005";18.33
"200504";SUDESTE;"16/04/2005";25.3
"200504";SUL;"16/04/2005";74
"200504";NORDESTE;"23/04/2005";18.33
"200504";NORTE;"23/04/2005";20.09
"200504";SUDESTE;"23/04/2005";33.69
"200504";SUL;"23/04/2005";98.93
"200504";NORDESTE;"30/04/2005";18.33
"200504";NORTE;"30/04/2005";21.6
"200504";SUDESTE;"30/04/2005";48.08
"200504";SUL;"30/04/2005";72.54
"200505";NORDESTE;"07/05/2005";18.33
"200505";NORTE;"07/05/2005";20.89
"200505";SUDESTE;"07/05/2005";42.25
"200505";SUL;"07/05/2005";98.08
"200505";NORDESTE;"14/05/2005";18.33
"200505";NORTE;"14/05/2005";21.66
"200505";SUDESTE;"14/05/2005";49.39
"200505";SUL;"14/05/2005";131.08
"200505";NORDESTE;"21/05/2005";18.33
"200505";NORTE;"21/05/2005";18.33
"200505";SUDESTE;"21/05/2005";45.6
"200505";SUL;"21/05/2005";47.91
"200505";NORDESTE;"28/05/2005";18.33
"200505";NORTE;"28/05/2005";18.33
"200505";SUDESTE;"28/05/2005";28.53
"200505";SUL;"28/05/2005";22.87
"200506";NORDESTE;"04/06/2005";18.33
"200506";NORTE;"04/06/2005";18.33
"200506";SUDESTE;"04/06/2005";18.33
"200506";SUL;"04/06/2005";18.33
"200506";NORDESTE;"11/06/2005";18.33
"200506";NORTE;"11/06/2005";31.52
"200506";SUDESTE;"11/06/2005";31.52
"200506";SUL;"11/06/2005";31.52
"200506";NORDESTE;"18/06/2005";18.33
"200506";NORTE;"18/06/2005";30.3
"200506";SUDESTE;"18/06/2005";30.3
"200506";SUL;"18/06/2005";27.15
"200506";NORDESTE;"25/06/2005";18.33
"200506";NORTE;"25/06/2005";24.44
"200506";SUDESTE;"25/06/2005";24.44
"200506";SUL;"25/06/2005";19.04
"200507";NORDESTE;"02/07/2005";18.33
"200507";NORTE;"02/07/2005";26.36
"200507";SUDESTE;"02/07/2005";26.36
"200507";SUL;"02/07/2005";26.32
"200507";NORDESTE;"09/07/2005";18.33
"200507";NORTE;"09/07/2005";32.79
"200507";SUDESTE;"09/07/2005";32.79
"200507";SUL;"09/07/2005";32.79
"200507";NORDESTE;"16/07/2005";18.33
"200507";NORTE;"16/07/2005";35.45
"200507";SUDESTE;"16/07/2005";35.45
"200507";SUL;"16/07/2005";35.45
"200507";NORDESTE;"23/07/2005";18.33
"200507";NORTE;"23/07/2005";34.3
"200507";SUDESTE;"23/07/2005";34.3
"200507";SUL;"23/07/2005";34.3
"200507";NORDESTE;"30/07/2005";18.33
"200507";NORTE;"30/07/2005";28.67
"200507";SUDESTE;"30/07/2005";28.67
"200507";SUL;"30/07/2005";28.67
"200508";NORDESTE;"06/08/2005";18.33
"200508";NORTE;"06/08/2005";27.41
"200508";SUDESTE;"06/08/2005";27.41
"200508";SUL;"06/08/2005";27.41
"200508";NORDESTE;"13/08/2005";18.33
"200508";NORTE;"13/08/2005";37.72
"200508";SUDESTE;"13/08/2005";37.72
"200508";SUL;"13/08/2005";37.72
"200508";NORDESTE;"20/08/2005";18.33
"200508";NORTE;"20/08/2005";33.34
"200508";SUDESTE;"20/08/2005";33.34
"200508";SUL;"20/08/2005";33.34
"200508";NORDESTE;"27/08/2005";19.41
"200508";NORTE;"27/08/2005";47.44
"200508";SUDESTE;"27/08/2005";47.44
"200508";SUL;"27/08/2005";47.44
"200509";NORDESTE;"03/09/2005";18.33
"200509";NORTE;"03/09/2005";39.49
"200509";SUDESTE;"03/09/2005";39.49
"200509";SUL;"03/09/2005";39.49
"200509";NORDESTE;"10/09/2005";18.33
"200509";NORTE;"10/09/2005";32.08
"200509";SUDESTE;"10/09/2005";32.08
"200509";SUL;"10/09/2005";27.21
"200509";NORDESTE;"17/09/2005";18.33
"200509";NORTE;"17/09/2005";27.96
"200509";SUDESTE;"17/09/2005";27.96
"200509";SUL;"17/09/2005";24.32
"200509";NORDESTE;"24/09/2005";18.33
"200509";NORTE;"24/09/2005";23.8
"200509";SUDESTE;"24/09/2005";23.8
"200509";SUL;"24/09/2005";21.52
"200510";NORDESTE;"01/10/2005";18.33
"200510";NORTE;"01/10/2005";36.87
"200510";SUDESTE;"01/10/2005";36.87
"200510";SUL;"01/10/2005";18.33
"200510";NORDESTE;"08/10/2005";18.33
"200510";NORTE;"08/10/2005";40.61
"200510";SUDESTE;"08/10/2005";40.61
"200510";SUL;"08/10/2005";20.56
"200510";NORDESTE;"15/10/2005";18.33
"200510";NORTE;"15/10/2005";42.64
"200510";SUDESTE;"15/10/2005";42.64
"200510";SUL;"15/10/2005";18.33
"200510";NORDESTE;"22/10/2005";19.5
"200510";NORTE;"22/10/2005";49.91
"200510";SUDESTE;"22/10/2005";49.91
"200510";SUL;"22/10/2005";18.33
"200510";NORDESTE;"29/10/2005";21.03
"200510";NORTE;"29/10/2005";48.85
"200510";SUDESTE;"29/10/2005";48.85
"200510";SUL;"29/10/2005";18.33
"200511";NORDESTE;"05/11/2005";18.58
"200511";NORTE;"05/11/2005";32.19
"200511";SUDESTE;"05/11/2005";32.19
"200511";SUL;"05/11/2005";18.33
"200511";NORDESTE;"12/11/2005";18.54
"200511";NORTE;"12/11/2005";33.18
"200511";SUDESTE;"12/11/2005";33.18
"200511";SUL;"12/11/2005";18.33
"200511";NORDESTE;"19/11/2005";21.36
"200511";NORTE;"19/11/2005";36.7
"200511";SUDESTE;"19/11/2005";36.7
"200511";SUL;"19/11/2005";33.37
"200511";NORDESTE;"26/11/2005";20.04
"200511";NORTE;"26/11/2005";32.4
"200511";SUDESTE;"26/11/2005";32.4
"200511";SUL;"26/11/2005";32.32
"200512";NORDESTE;"03/12/2005";18.33
"200512";NORTE;"03/12/2005";18.33
"200512";SUDESTE;"03/12/2005";18.33
"200512";SUL;"03/12/2005";18.33
"200512";NORDESTE;"10/12/2005";18.33
"200512";NORTE;"10/12/2005";18.33
"200512";SUDESTE;"10/12/2005";18.33
"200512";SUL;"10/12/2005";18.33
"200512";NORDESTE;"17/12/2005";18.33
"200512";NORTE;"17/12/2005";18.33
"200512";SUDESTE;"17/12/2005";18.33
"200512";SUL;"17/12/2005";18.33
"200512";NORDESTE;"24/12/2005";18.33
"200512";NORTE;"24/12/2005";18.33
"200512";SUDESTE;"24/12/2005";18.33
"200512";SUL;"24/12/2005";18.33
"200512";NORDESTE;"31/12/2005";16.92
"200512";NORTE;"31/12/2005";16.92
"200512";SUDESTE;"31/12/2005";16.92
"200512";SUL;"31/12/2005";16.92
"200601";NORDESTE;"07/01/2006";16.92
"200601";NORTE;"07/01/2006";16.92
"200601";SUDESTE;"07/01/2006";16.92
"200601";SUL;"07/01/2006";16.92
"200601";NORDESTE;"14/01/2006";16.92
"200601";NORTE;"14/01/2006";16.92
"200601";SUDESTE;"14/01/2006";16.92
"200601";SUL;"14/01/2006";16.92
"200601";NORDESTE;"21/01/2006";16.92
"200601";NORTE;"21/01/2006";16.92
"200601";SUDESTE;"21/01/2006";39.69
"200601";SUL;"21/01/2006";40.31
"200601";NORDESTE;"28/01/2006";34.12
"200601";NORTE;"28/01/2006";34.12
"200601";SUDESTE;"28/01/2006";68.04
"200601";SUL;"28/01/2006";68.04
"200602";NORDESTE;"04/02/2006";37.53
"200602";NORTE;"04/02/2006";16.92
"200602";SUDESTE;"04/02/2006";60.7
"200602";SUL;"04/02/2006";61.8
"200602";NORDESTE;"11/02/2006";44.93
"200602";NORTE;"11/02/2006";44.93
"200602";SUDESTE;"11/02/2006";85.25
"200602";SUL;"11/02/2006";85.25
"200602";NORDESTE;"18/02/2006";30.66
"200602";NORTE;"18/02/2006";30.66
"200602";SUDESTE;"18/02/2006";35.41
"200602";SUL;"18/02/2006";53.73
"200602";NORDESTE;"25/02/2006";39.91
"200602";NORTE;"25/02/2006";16.92
"200602";SUDESTE;"25/02/2006";38.26
"200602";SUL;"25/02/2006";43.13
"200603";NORDESTE;"04/03/2006";39.95
"200603";NORTE;"04/03/2006";16.92
"200603";SUDESTE;"04/03/2006";39.29
"200603";SUL;"04/03/2006";44.58
"200603";NORDESTE;"11/03/2006";39.18
"200603";NORTE;"11/03/2006";16.92
"200603";SUDESTE;"11/03/2006";16.92
"200603";SUL;"11/03/2006";44.83
"200603";NORDESTE;"18/03/2006";32.67
"200603";NORTE;"18/03/2006";16.92
"200603";SUDESTE;"18/03/2006";16.92
"200603";SUL;"18/03/2006";41.72
"200603";NORDESTE;"25/03/2006";30.97
"200603";NORTE;"25/03/2006";25.88
"200603";SUDESTE;"25/03/2006";36.89
"200603";SUL;"25/03/2006";39.31
"200604";NORDESTE;"01/04/2006";16.92
"200604";NORTE;"01/04/2006";16.92
"200604";SUDESTE;"01/04/2006";23.42
"200604";SUL;"01/04/2006";23.55
"200604";NORDESTE;"08/04/2006";16.92
"200604";NORTE;"08/04/2006";16.92
"200604";SUDESTE;"08/04/2006";21.47
"200604";SUL;"08/04/2006";21.94
"200604";NORDESTE;"15/04/2006";16.92
"200604";NORTE;"15/04/2006";16.92
"200604";SUDESTE;"15/04/2006";17.38
"200604";SUL;"15/04/2006";17.47
"200604";NORDESTE;"22/04/2006";16.92
"200604";NORTE;"22/04/2006";16.92
"200604";SUDESTE;"22/04/2006";16.92
"200604";SUL;"22/04/2006";16.92
"200604";NORDESTE;"29/04/2006";16.92
"200604";NORTE;"29/04/2006";16.92
"200604";SUDESTE;"29/04/2006";36.34
"200604";SUL;"29/04/2006";36.63
"200605";NORDESTE;"06/05/2006";18.9
"200605";NORTE;"06/05/2006";17.14
"200605";SUDESTE;"06/05/2006";49.11
"200605";SUL;"06/05/2006";49.42
"200605";NORDESTE;"13/05/2006";20.82
"200605";NORTE;"13/05/2006";16.92
"200605";SUDESTE;"13/05/2006";56.29
"200605";SUL;"13/05/2006";56.29
"200605";NORDESTE;"20/05/2006";20.25
"200605";NORTE;"20/05/2006";16.92
"200605";SUDESTE;"20/05/2006";55.63
"200605";SUL;"20/05/2006";56.38
"200605";NORDESTE;"27/05/2006";21.84
"200605";NORTE;"27/05/2006";16.92
"200605";SUDESTE;"27/05/2006";60
"200605";SUL;"27/05/2006";61.98
"200606";NORDESTE;"03/06/2006";22.38
"200606";NORTE;"03/06/2006";16.92
"200606";SUDESTE;"03/06/2006";61.86
"200606";SUL;"03/06/2006";63.92
"200606";NORDESTE;"10/06/2006";23.15
"200606";NORTE;"10/06/2006";23.15
"200606";SUDESTE;"10/06/2006";64.72
"200606";SUL;"10/06/2006";66.84
"200606";NORDESTE;"17/06/2006";24.4
"200606";NORTE;"17/06/2006";74.19
"200606";SUDESTE;"17/06/2006";74.19
"200606";SUL;"17/06/2006";76.86
"200606";NORDESTE;"24/06/2006";24.29
"200606";NORTE;"24/06/2006";73.07
"200606";SUDESTE;"24/06/2006";73.07
"200606";SUL;"24/06/2006";74.91
"200607";NORDESTE;"01/07/2006";28.72
"200607";NORTE;"01/07/2006";92.72
"200607";SUDESTE;"01/07/2006";92.72
"200607";SUL;"01/07/2006";93.9
"200607";NORDESTE;"08/07/2006";28.57
"200607";NORTE;"08/07/2006";88.16
"200607";SUDESTE;"08/07/2006";88.16
"200607";SUL;"08/07/2006";89.15
"200607";NORDESTE;"15/07/2006";28.42
"200607";NORTE;"15/07/2006";85.43
"200607";SUDESTE;"15/07/2006";85.43
"200607";SUL;"15/07/2006";85.43
"200607";NORDESTE;"22/07/2006";28.83
"200607";NORTE;"22/07/2006";91.26
"200607";SUDESTE;"22/07/2006";91.25
"200607";SUL;"22/07/2006";91.25
"200607";NORDESTE;"29/07/2006";49.03
"200607";NORTE;"29/07/2006";105.25
"200607";SUDESTE;"29/07/2006";105.25
"200607";SUL;"29/07/2006";105.71
"200608";NORDESTE;"05/08/2006";47.76
"200608";NORTE;"05/08/2006";99.86
"200608";SUDESTE;"05/08/2006";99.86
"200608";SUL;"05/08/2006";100.58
"200608";NORDESTE;"12/08/2006";48.85
"200608";NORTE;"12/08/2006";99.09
"200608";SUDESTE;"12/08/2006";99.09
"200608";SUL;"12/08/2006";99.09
"200608";NORDESTE;"19/08/2006";49.76
"200608";NORTE;"19/08/2006";97.04
"200608";SUDESTE;"19/08/2006";97.04
"200608";SUL;"19/08/2006";97.04
"200608";NORDESTE;"26/08/2006";64.89
"200608";NORTE;"26/08/2006";126.82
"200608";SUDESTE;"26/08/2006";126.82
"200608";SUL;"26/08/2006";126.82
"200609";NORDESTE;"02/09/2006";66.75
"200609";NORTE;"02/09/2006";124.44
"200609";SUDESTE;"02/09/2006";124.44
"200609";SUL;"02/09/2006";124.44
"200609";NORDESTE;"09/09/2006";66.48
"200609";NORTE;"09/09/2006";116.71
"200609";SUDESTE;"09/09/2006";116.71
"200609";SUL;"09/09/2006";116.71
"200609";NORDESTE;"16/09/2006";69.83
"200609";NORTE;"16/09/2006";126.73
"200609";SUDESTE;"16/09/2006";126.73
"200609";SUL;"16/09/2006";126.73
"200609";NORDESTE;"23/09/2006";74.03
"200609";NORTE;"23/09/2006";129.42
"200609";SUDESTE;"23/09/2006";129.42
"200609";SUL;"23/09/2006";129.42
"200609";NORDESTE;"30/09/2006";52.23
"200609";NORTE;"30/09/2006";107.89
"200609";SUDESTE;"30/09/2006";107.89
"200609";SUL;"30/09/2006";107.89
"200610";NORDESTE;"07/10/2006";52.62
"200610";NORTE;"07/10/2006";113.51
"200610";SUDESTE;"07/10/2006";113.51
"200610";SUL;"07/10/2006";113.51
"200610";NORDESTE;"14/10/2006";48.13
"200610";NORTE;"14/10/2006";82.01
"200610";SUDESTE;"14/10/2006";82.01
"200610";SUL;"14/10/2006";82.01
"200610";NORDESTE;"21/10/2006";45.52
"200610";NORTE;"21/10/2006";81.32
"200610";SUDESTE;"21/10/2006";81.32
"200610";SUL;"21/10/2006";81.32
"200610";NORDESTE;"28/10/2006";24.11
"200610";NORTE;"28/10/2006";70.01
"200610";SUDESTE;"28/10/2006";70.01
"200610";SUL;"28/10/2006";70.01
"200611";NORDESTE;"04/11/2006";33.29
"200611";NORTE;"04/11/2006";94.81
"200611";SUDESTE;"04/11/2006";94.81
"200611";SUL;"04/11/2006";94.81
"200611";NORDESTE;"11/11/2006";23.56
"200611";NORTE;"11/11/2006";68.68
"200611";SUDESTE;"11/11/2006";68.68
"200611";SUL;"11/11/2006";68.68
"200611";NORDESTE;"18/11/2006";22.95
"200611";NORTE;"18/11/2006";79.45
"200611";SUDESTE;"18/11/2006";79.45
"200611";SUL;"18/11/2006";79.45
"200611";NORDESTE;"25/11/2006";16.92
"200611";NORTE;"25/11/2006";85.79
"200611";SUDESTE;"25/11/2006";85.79
"200611";SUL;"25/11/2006";85.79
"200612";NORDESTE;"02/12/2006";19.64
"200612";NORTE;"02/12/2006";79.07
"200612";SUDESTE;"02/12/2006";79.07
"200612";SUL;"02/12/2006";79.07
"200612";NORDESTE;"09/12/2006";16.92
"200612";NORTE;"09/12/2006";70.11
"200612";SUDESTE;"09/12/2006";70.11
"200612";SUL;"09/12/2006";70.11
"200612";NORDESTE;"16/12/2006";16.92
"200612";NORTE;"16/12/2006";16.92
"200612";SUDESTE;"16/12/2006";52.1
"200612";SUL;"16/12/2006";52.1
"200612";NORDESTE;"23/12/2006";16.92
"200612";NORTE;"23/12/2006";16.92
"200612";SUDESTE;"23/12/2006";36.44
"200612";SUL;"23/12/2006";36.79
"200612";NORDESTE;"30/12/2006";17.59
"200612";NORTE;"30/12/2006";17.59
"200612";SUDESTE;"30/12/2006";36.14
"200612";SUL;"30/12/2006";42.84
"200701";NORDESTE;"06/01/2007";17.59
"200701";NORTE;"06/01/2007";17.59
"200701";SUDESTE;"06/01/2007";26.49
"200701";SUL;"06/01/2007";37.58
"200701";NORDESTE;"13/01/2007";17.59
"200701";NORTE;"13/01/2007";17.59
"200701";SUDESTE;"13/01/2007";17.59
"200701";SUL;"13/01/2007";17.59
"200701";NORDESTE;"20/01/2007";17.59
"200701";NORTE;"20/01/2007";17.59
"200701";SUDESTE;"20/01/2007";17.59
"200701";SUL;"20/01/2007";17.59
"200701";NORDESTE;"27/01/2007";17.59
"200701";NORTE;"27/01/2007";17.59
"200701";SUDESTE;"27/01/2007";17.59
"200701";SUL;"27/01/2007";17.59
"200702";NORDESTE;"03/02/2007";17.59
"200702";NORTE;"03/02/2007";17.59
"200702";SUDESTE;"03/02/2007";17.59
"200702";SUL;"03/02/2007";17.59
"200702";NORDESTE;"10/02/2007";17.59
"200702";NORTE;"10/02/2007";17.59
"200702";SUDESTE;"10/02/2007";17.59
"200702";SUL;"10/02/2007";17.59
"200702";NORDESTE;"17/02/2007";17.59
"200702";NORTE;"17/02/2007";17.59
"200702";SUDESTE;"17/02/2007";17.59
"200702";SUL;"17/02/2007";17.59
"200702";NORDESTE;"24/02/2007";17.59
"200702";NORTE;"24/02/2007";17.59
"200702";SUDESTE;"24/02/2007";17.59
"200702";SUL;"24/02/2007";17.59
"200703";NORDESTE;"03/03/2007";17.59
"200703";NORTE;"03/03/2007";17.59
"200703";SUDESTE;"03/03/2007";17.59
"200703";SUL;"03/03/2007";17.59
"200703";NORDESTE;"10/03/2007";17.59
"200703";NORTE;"10/03/2007";17.59
"200703";SUDESTE;"10/03/2007";17.59
"200703";SUL;"10/03/2007";17.59
"200703";NORDESTE;"17/03/2007";17.59
"200703";NORTE;"17/03/2007";17.59
"200703";SUDESTE;"17/03/2007";17.59
"200703";SUL;"17/03/2007";17.59
"200703";NORDESTE;"24/03/2007";17.59
"200703";NORTE;"24/03/2007";17.59
"200703";SUDESTE;"24/03/2007";17.59
"200703";SUL;"24/03/2007";17.59
"200703";NORDESTE;"31/03/2007";17.59
"200703";NORTE;"31/03/2007";17.59
"200703";SUDESTE;"31/03/2007";17.59
"200703";SUL;"31/03/2007";17.59
"200704";NORDESTE;"07/04/2007";17.59
"200704";NORTE;"07/04/2007";17.59
"200704";SUDESTE;"07/04/2007";62.73
"200704";SUL;"07/04/2007";62.68
"200704";NORDESTE;"14/04/2007";33.94
"200704";NORTE;"14/04/2007";17.59
"200704";SUDESTE;"14/04/2007";53.82
"200704";SUL;"14/04/2007";53.76
"200704";NORDESTE;"21/04/2007";34.95
"200704";NORTE;"21/04/2007";34.95
"200704";SUDESTE;"21/04/2007";56.45
"200704";SUL;"21/04/2007";55.25
"200704";NORDESTE;"28/04/2007";43.73
"200704";NORTE;"28/04/2007";43.73
"200704";SUDESTE;"28/04/2007";54.74
"200704";SUL;"28/04/2007";54.7
"200705";NORDESTE;"05/05/2007";32.28
"200705";NORTE;"05/05/2007";32.28
"200705";SUDESTE;"05/05/2007";36.76
"200705";SUL;"05/05/2007";20.42
"200705";NORDESTE;"12/05/2007";36.76
"200705";NORTE;"12/05/2007";36.76
"200705";SUDESTE;"12/05/2007";44.21
"200705";SUL;"12/05/2007";19.63
"200705";NORDESTE;"19/05/2007";39.74
"200705";NORTE;"19/05/2007";39.74
"200705";SUDESTE;"19/05/2007";49.92
"200705";SUL;"19/05/2007";17.59
"200705";NORDESTE;"26/05/2007";119.72
"200705";NORTE;"26/05/2007";119.72
"200705";SUDESTE;"26/05/2007";120.62
"200705";SUL;"26/05/2007";17.59
"200706";NORDESTE;"02/06/2007";103.04
"200706";NORTE;"02/06/2007";103.04
"200706";SUDESTE;"02/06/2007";103.11
"200706";SUL;"02/06/2007";29.15
"200706";NORDESTE;"09/06/2007";116.57
"200706";NORTE;"09/06/2007";116.57
"200706";SUDESTE;"09/06/2007";116.74
"200706";SUL;"09/06/2007";54.21
"200706";NORDESTE;"16/06/2007";77.6
"200706";NORTE;"16/06/2007";77.18
"200706";SUDESTE;"16/06/2007";76.61
"200706";SUL;"16/06/2007";67.42
"200706";NORDESTE;"23/06/2007";83.66
"200706";NORTE;"23/06/2007";83.58
"200706";SUDESTE;"23/06/2007";82.92
"200706";SUL;"23/06/2007";81.49
"200706";NORDESTE;"30/06/2007";130.74
"200706";NORTE;"30/06/2007";138.99
"200706";SUDESTE;"30/06/2007";138.99
"200706";SUL;"30/06/2007";138.99
"200707";NORDESTE;"07/07/2007";131.97
"200707";NORTE;"07/07/2007";141.98
"200707";SUDESTE;"07/07/2007";141.98
"200707";SUL;"07/07/2007";141.98
"200707";NORDESTE;"14/07/2007";130.45
"200707";NORTE;"14/07/2007";130.75
"200707";SUDESTE;"14/07/2007";130.75
"200707";SUL;"14/07/2007";130.45
"200707";NORDESTE;"21/07/2007";117.02
"200707";NORTE;"21/07/2007";117.02
"200707";SUDESTE;"21/07/2007";117.02
"200707";SUL;"21/07/2007";116.47
"200707";NORDESTE;"28/07/2007";61.67
"200707";NORTE;"28/07/2007";61.67
"200707";SUDESTE;"28/07/2007";59.68
"200707";SUL;"28/07/2007";57.95
"200708";NORDESTE;"04/08/2007";35.27
"200708";NORTE;"04/08/2007";29.57
"200708";SUDESTE;"04/08/2007";29.13
"200708";SUL;"04/08/2007";17.59
"200708";NORDESTE;"11/08/2007";37.68
"200708";NORTE;"11/08/2007";37.68
"200708";SUDESTE;"11/08/2007";27.97
"200708";SUL;"11/08/2007";27.11
"200708";NORDESTE;"18/08/2007";41.68
"200708";NORTE;"18/08/2007";40.96
"200708";SUDESTE;"18/08/2007";34.09
"200708";SUL;"18/08/2007";33.88
"200708";NORDESTE;"25/08/2007";61.83
"200708";NORTE;"25/08/2007";61.83
"200708";SUDESTE;"25/08/2007";57.06
"200708";SUL;"25/08/2007";56.58
"200709";NORDESTE;"01/09/2007";126.55
"200709";NORTE;"01/09/2007";128.2
"200709";SUDESTE;"01/09/2007";128.2
"200709";SUL;"01/09/2007";128.2
"200709";NORDESTE;"08/09/2007";131.01
"200709";NORTE;"08/09/2007";131.01
"200709";SUDESTE;"08/09/2007";131.01
"200709";SUL;"08/09/2007";131.01
"200709";NORDESTE;"15/09/2007";147.37
"200709";NORTE;"15/09/2007";147.57
"200709";SUDESTE;"15/09/2007";147.57
"200709";SUL;"15/09/2007";148.7
"200709";NORDESTE;"22/09/2007";186.48
"200709";NORTE;"22/09/2007";186.48
"200709";SUDESTE;"22/09/2007";186.48
"200709";SUL;"22/09/2007";186.48
"200709";NORDESTE;"29/09/2007";167.25
"200709";NORTE;"29/09/2007";167.25
"200709";SUDESTE;"29/09/2007";167.25
"200709";SUL;"29/09/2007";167.25
"200710";NORDESTE;"06/10/2007";169.43
"200710";NORTE;"06/10/2007";172.24
"200710";SUDESTE;"06/10/2007";172.24
"200710";SUL;"06/10/2007";172.24
"200710";NORDESTE;"13/10/2007";205.77
"200710";NORTE;"13/10/2007";205.77
"200710";SUDESTE;"13/10/2007";205.77
"200710";SUL;"13/10/2007";205.77
"200710";NORDESTE;"20/10/2007";209.89
"200710";NORTE;"20/10/2007";210.07
"200710";SUDESTE;"20/10/2007";210.07
"200710";SUL;"20/10/2007";210.07
"200710";NORDESTE;"27/10/2007";237.66
"200710";NORTE;"27/10/2007";237.66
"200710";SUDESTE;"27/10/2007";237.66
"200710";SUL;"27/10/2007";237.66
"200711";NORDESTE;"03/11/2007";223.91
"200711";NORTE;"03/11/2007";223.91
"200711";SUDESTE;"03/11/2007";223.91
"200711";SUL;"03/11/2007";223.91
"200711";NORDESTE;"10/11/2007";181.42
"200711";NORTE;"10/11/2007";181.42
"200711";SUDESTE;"10/11/2007";181.42
"200711";SUL;"10/11/2007";181.42
"200711";NORDESTE;"17/11/2007";150.54
"200711";NORTE;"17/11/2007";150.54
"200711";SUDESTE;"17/11/2007";150.54
"200711";SUL;"17/11/2007";150.54
"200711";NORDESTE;"24/11/2007";169.55
"200711";NORTE;"24/11/2007";169.55
"200711";SUDESTE;"24/11/2007";169.55
"200711";SUL;"24/11/2007";169.55
"200712";NORDESTE;"01/12/2007";189.25
"200712";NORTE;"01/12/2007";189.25
"200712";SUDESTE;"01/12/2007";189.25
"200712";SUL;"01/12/2007";189.25
"200712";NORDESTE;"08/12/2007";212.2
"200712";NORTE;"08/12/2007";212.2
"200712";SUDESTE;"08/12/2007";212.2
"200712";SUL;"08/12/2007";212.2
"200712";NORDESTE;"15/12/2007";200.48
"200712";NORTE;"15/12/2007";200.48
"200712";SUDESTE;"15/12/2007";200.48
"200712";SUL;"15/12/2007";200.48
"200712";NORDESTE;"22/12/2007";199.76
"200712";NORTE;"22/12/2007";199.76
"200712";SUDESTE;"22/12/2007";199.76
"200712";SUL;"22/12/2007";199.76
"200712";NORDESTE;"29/12/2007";247.01
"200712";NORTE;"29/12/2007";247.01
"200712";SUDESTE;"29/12/2007";247.01
"200712";SUL;"29/12/2007";247.01
"200801";NORDESTE;"05/01/2008";473.14
"200801";NORTE;"05/01/2008";473.14
"200801";SUDESTE;"05/01/2008";473.14
"200801";SUL;"05/01/2008";473.14
"200801";NORDESTE;"12/01/2008";569.59
"200801";NORTE;"12/01/2008";569.59
"200801";SUDESTE;"12/01/2008";569.59
"200801";SUL;"12/01/2008";569.59
"200801";NORDESTE;"19/01/2008";548.14
"200801";NORTE;"19/01/2008";569.59
"200801";SUDESTE;"19/01/2008";569.59
"200801";SUL;"19/01/2008";569.59
"200801";NORDESTE;"26/01/2008";550.28
"200801";NORTE;"26/01/2008";550.28
"200801";SUDESTE;"26/01/2008";550.28
"200801";SUL;"26/01/2008";550.28
"200802";NORDESTE;"02/02/2008";256.05
"200802";NORTE;"02/02/2008";255.06
"200802";SUDESTE;"02/02/2008";255
"200802";SUL;"02/02/2008";255
"200802";NORDESTE;"09/02/2008";126.3
"200802";NORTE;"09/02/2008";122.91
"200802";SUDESTE;"09/02/2008";122.91
"200802";SUL;"09/02/2008";123.87
"200802";NORDESTE;"16/02/2008";180.33
"200802";NORTE;"16/02/2008";160.7
"200802";SUDESTE;"16/02/2008";160.7
"200802";SUL;"16/02/2008";160.7
"200802";NORDESTE;"23/02/2008";247.02
"200802";NORTE;"23/02/2008";213.52
"200802";SUDESTE;"23/02/2008";213.52
"200802";SUL;"23/02/2008";213.52
"200803";NORDESTE;"01/03/2008";135.46
"200803";NORTE;"01/03/2008";135.46
"200803";SUDESTE;"01/03/2008";139.01
"200803";SUL;"01/03/2008";139.05
"200803";NORDESTE;"08/03/2008";125.59
"200803";NORTE;"08/03/2008";125.59
"200803";SUDESTE;"08/03/2008";133.23
"200803";SUL;"08/03/2008";133.23
"200803";NORDESTE;"15/03/2008";167.72
"200803";NORTE;"15/03/2008";167.72
"200803";SUDESTE;"15/03/2008";174.63
"200803";SUL;"15/03/2008";176.82
"200803";NORDESTE;"22/03/2008";80.48
"200803";NORTE;"22/03/2008";69.51
"200803";SUDESTE;"22/03/2008";69.51
"200803";SUL;"22/03/2008";77.7
"200803";NORDESTE;"29/03/2008";85.29
"200803";NORTE;"29/03/2008";59.96
"200803";SUDESTE;"29/03/2008";84.47
"200803";SUL;"29/03/2008";89.33
"200804";NORDESTE;"05/04/2008";113.25
"200804";NORTE;"05/04/2008";77.75
"200804";SUDESTE;"05/04/2008";117.1
"200804";SUL;"05/04/2008";121.04
"200804";NORDESTE;"12/04/2008";68.38
"200804";NORTE;"12/04/2008";49.24
"200804";SUDESTE;"12/04/2008";68.38
"200804";SUL;"12/04/2008";71.89
"200804";NORDESTE;"19/04/2008";48.28
"200804";NORTE;"19/04/2008";32
"200804";SUDESTE;"19/04/2008";32
"200804";SUL;"19/04/2008";35.65
"200804";NORDESTE;"26/04/2008";41.4
"200804";NORTE;"26/04/2008";30.16
"200804";SUDESTE;"26/04/2008";40.47
"200804";SUL;"26/04/2008";40.49
"200805";NORDESTE;"03/05/2008";29.36
"200805";NORTE;"03/05/2008";24.33
"200805";SUDESTE;"03/05/2008";29.05
"200805";SUL;"03/05/2008";29.05
"200805";NORDESTE;"10/05/2008";15.47
"200805";NORTE;"10/05/2008";15.47
"200805";SUDESTE;"10/05/2008";15.47
"200805";SUL;"10/05/2008";15.47
"200805";NORDESTE;"17/05/2008";34.34
"200805";NORTE;"17/05/2008";27.51
"200805";SUDESTE;"17/05/2008";34.04
"200805";SUL;"17/05/2008";34.04
"200805";NORDESTE;"24/05/2008";51.16
"200805";NORTE;"24/05/2008";38.22
"200805";SUDESTE;"24/05/2008";50.52
"200805";SUL;"24/05/2008";50.52
"200805";NORDESTE;"31/05/2008";71.93
"200805";NORTE;"31/05/2008";71.93
"200805";SUDESTE;"31/05/2008";76.2
"200805";SUL;"31/05/2008";76.2
"200806";NORDESTE;"07/06/2008";76.2
"200806";NORTE;"07/06/2008";76.2
"200806";SUDESTE;"07/06/2008";76.2
"200806";SUL;"07/06/2008";76.2
"200806";NORDESTE;"14/06/2008";70.41
"200806";NORTE;"14/06/2008";70.41
"200806";SUDESTE;"14/06/2008";70.41
"200806";SUL;"14/06/2008";70.41
"200806";NORDESTE;"21/06/2008";76.83
"200806";NORTE;"21/06/2008";76.83
"200806";SUDESTE;"21/06/2008";76.83
"200806";SUL;"21/06/2008";76.83
"200806";NORDESTE;"28/06/2008";88.21
"200806";NORTE;"28/06/2008";88.21
"200806";SUDESTE;"28/06/2008";88.21
"200806";SUL;"28/06/2008";88.21
"200807";NORDESTE;"05/07/2008";91.37
"200807";NORTE;"05/07/2008";91.37
"200807";SUDESTE;"05/07/2008";91.37
"200807";SUL;"05/07/2008";91.37
"200807";NORDESTE;"12/07/2008";102.64
"200807";NORTE;"12/07/2008";102.64
"200807";SUDESTE;"12/07/2008";102.64
"200807";SUL;"12/07/2008";102.64
"200807";NORDESTE;"19/07/2008";110.35
"200807";NORTE;"19/07/2008";110.35
"200807";SUDESTE;"19/07/2008";110.35
"200807";SUL;"19/07/2008";110.35
"200807";NORDESTE;"26/07/2008";146.3
"200807";NORTE;"26/07/2008";146.3
"200807";SUDESTE;"26/07/2008";146.3
"200807";SUL;"26/07/2008";146.3
"200808";NORDESTE;"02/08/2008";138.69
"200808";NORTE;"02/08/2008";138.69
"200808";SUDESTE;"02/08/2008";138.69
"200808";SUL;"02/08/2008";138.69
"200808";NORDESTE;"09/08/2008";118.13
"200808";NORTE;"09/08/2008";118.13
"200808";SUDESTE;"09/08/2008";118.13
"200808";SUL;"09/08/2008";118.13
"200808";NORDESTE;"16/08/2008";79.16
"200808";NORTE;"16/08/2008";79.16
"200808";SUDESTE;"16/08/2008";79.16
"200808";SUL;"16/08/2008";77.05
"200808";NORDESTE;"23/08/2008";71.61
"200808";NORTE;"23/08/2008";71.64
"200808";SUDESTE;"23/08/2008";71.64
"200808";SUL;"23/08/2008";66.79
"200808";NORDESTE;"30/08/2008";93.55
"200808";NORTE;"30/08/2008";93.55
"200808";SUDESTE;"30/08/2008";93.55
"200808";SUL;"30/08/2008";93.25
"200809";NORDESTE;"06/09/2008";106.08
"200809";NORTE;"06/09/2008";106.1
"200809";SUDESTE;"06/09/2008";106.1
"200809";SUL;"06/09/2008";105.84
"200809";NORDESTE;"13/09/2008";119.06
"200809";NORTE;"13/09/2008";119.11
"200809";SUDESTE;"13/09/2008";119.11
"200809";SUL;"13/09/2008";118.04
"200809";NORDESTE;"20/09/2008";121.65
"200809";NORTE;"20/09/2008";121.65
"200809";SUDESTE;"20/09/2008";121.65
"200809";SUL;"20/09/2008";120.97
"200809";NORDESTE;"27/09/2008";100.48
"200809";NORTE;"27/09/2008";100.48
"200809";SUDESTE;"27/09/2008";100.48
"200809";SUL;"27/09/2008";100.48
"200810";NORDESTE;"04/10/2008";97.99
"200810";NORTE;"04/10/2008";97.99
"200810";SUDESTE;"04/10/2008";97.99
"200810";SUL;"04/10/2008";97.99
"200810";NORDESTE;"11/10/2008";75.46
"200810";NORTE;"11/10/2008";75.46
"200810";SUDESTE;"11/10/2008";75.46
"200810";SUL;"11/10/2008";74.34
"200810";NORDESTE;"18/10/2008";93.31
"200810";NORTE;"18/10/2008";93.31
"200810";SUDESTE;"18/10/2008";93.31
"200810";SUL;"18/10/2008";93.31
"200810";NORDESTE;"25/10/2008";99.48
"200810";NORTE;"25/10/2008";99.48
"200810";SUDESTE;"25/10/2008";99.48
"200810";SUL;"25/10/2008";99.48
"200811";NORDESTE;"01/11/2008";104.79
"200811";NORTE;"01/11/2008";104.79
"200811";SUDESTE;"01/11/2008";104.79
"200811";SUL;"01/11/2008";79.29
"200811";NORDESTE;"08/11/2008";118.37
"200811";NORTE;"08/11/2008";118.37
"200811";SUDESTE;"08/11/2008";118.37
"200811";SUL;"08/11/2008";104.08
"200811";NORDESTE;"15/11/2008";111.77
"200811";NORTE;"15/11/2008";111.77
"200811";SUDESTE;"15/11/2008";111.77
"200811";SUL;"15/11/2008";100.21
"200811";NORDESTE;"22/11/2008";92.69
"200811";NORTE;"22/11/2008";92.69
"200811";SUDESTE;"22/11/2008";92.69
"200811";SUL;"22/11/2008";91.04
"200811";NORDESTE;"29/11/2008";95.54
"200811";NORTE;"29/11/2008";95.54
"200811";SUDESTE;"29/11/2008";95.54
"200811";SUL;"29/11/2008";95.35
"200812";NORDESTE;"06/12/2008";103.51
"200812";NORTE;"06/12/2008";103.51
"200812";SUDESTE;"06/12/2008";103.51
"200812";SUL;"06/12/2008";103.51
"200812";NORDESTE;"13/12/2008";113.15
"200812";NORTE;"13/12/2008";113.15
"200812";SUDESTE;"13/12/2008";113.15
"200812";SUL;"13/12/2008";113.15
"200812";NORDESTE;"20/12/2008";91.57
"200812";NORTE;"20/12/2008";91.57
"200812";SUDESTE;"20/12/2008";91.57
"200812";SUL;"20/12/2008";91.57
"200812";NORDESTE;"27/12/2008";74.11
"200812";NORTE;"27/12/2008";74.11
"200812";SUDESTE;"27/12/2008";74.11
"200812";SUL;"27/12/2008";74.11
"200901";NORDESTE;"03/01/2009";26.55
"200901";NORTE;"03/01/2009";26.55
"200901";SUDESTE;"03/01/2009";28.13
"200901";SUL;"03/01/2009";28.13
"200901";NORDESTE;"10/01/2009";61.3
"200901";NORTE;"10/01/2009";61.3
"200901";SUDESTE;"10/01/2009";62.52
"200901";SUL;"10/01/2009";62.52
"200901";NORDESTE;"17/01/2009";125.44
"200901";NORTE;"17/01/2009";125.68
"200901";SUDESTE;"17/01/2009";139.48
"200901";SUL;"17/01/2009";139.48
"200901";NORDESTE;"24/01/2009";107.59
"200901";NORTE;"24/01/2009";107.59
"200901";SUDESTE;"24/01/2009";109.78
"200901";SUL;"24/01/2009";109.87
"200901";NORDESTE;"31/01/2009";16.31
"200901";NORTE;"31/01/2009";16.31
"200901";SUDESTE;"31/01/2009";65.31
"200901";SUL;"31/01/2009";65.31
"200902";NORDESTE;"07/02/2009";27.06
"200902";NORTE;"07/02/2009";27.06
"200902";SUDESTE;"07/02/2009";70.46
"200902";SUL;"07/02/2009";70.46
"200902";NORDESTE;"14/02/2009";43.46
"200902";NORTE;"14/02/2009";43.46
"200902";SUDESTE;"14/02/2009";56.42
"200902";SUL;"14/02/2009";84.61
"200902";NORDESTE;"21/02/2009";16.31
"200902";NORTE;"21/02/2009";16.31
"200902";SUDESTE;"21/02/2009";16.31
"200902";SUL;"21/02/2009";47.88
"200902";NORDESTE;"28/02/2009";61.01
"200902";NORTE;"28/02/2009";61.01
"200902";SUDESTE;"28/02/2009";63.39
"200902";SUL;"28/02/2009";63.39
"200903";NORDESTE;"07/03/2009";77.26
"200903";NORTE;"07/03/2009";16.31
"200903";SUDESTE;"07/03/2009";82.63
"200903";SUL;"07/03/2009";82.63
"200903";NORDESTE;"14/03/2009";95.85
"200903";NORTE;"14/03/2009";16.31
"200903";SUDESTE;"14/03/2009";107.86
"200903";SUL;"14/03/2009";107.86
"200903";NORDESTE;"21/03/2009";91.91
"200903";NORTE;"21/03/2009";16.31
"200903";SUDESTE;"21/03/2009";97.08
"200903";SUL;"21/03/2009";98.87
"200903";NORDESTE;"28/03/2009";97.75
"200903";NORTE;"28/03/2009";16.31
"200903";SUDESTE;"28/03/2009";106.11
"200903";SUL;"28/03/2009";106.11
"200904";NORDESTE;"04/04/2009";30.65
"200904";NORTE;"04/04/2009";16.31
"200904";SUDESTE;"04/04/2009";27.96
"200904";SUL;"04/04/2009";37.31
"200904";NORDESTE;"11/04/2009";16.31
"200904";NORTE;"11/04/2009";16.31
"200904";SUDESTE;"11/04/2009";49.88
"200904";SUL;"11/04/2009";49.97
"200904";NORDESTE;"18/04/2009";16.31
"200904";NORTE;"18/04/2009";16.31
"200904";SUDESTE;"18/04/2009";38.14
"200904";SUL;"18/04/2009";39.15
"200904";NORDESTE;"25/04/2009";16.31
"200904";NORTE;"25/04/2009";16.31
"200904";SUDESTE;"25/04/2009";45.48
"200904";SUL;"25/04/2009";45.7
"200905";NORDESTE;"02/05/2009";36.36
"200905";NORTE;"02/05/2009";16.31
"200905";SUDESTE;"02/05/2009";45.89
"200905";SUL;"02/05/2009";45.89
"200905";NORDESTE;"09/05/2009";28.82
"200905";NORTE;"09/05/2009";16.31
"200905";SUDESTE;"09/05/2009";36.28
"200905";SUL;"09/05/2009";36.57
"200905";NORDESTE;"16/05/2009";28.8
"200905";NORTE;"16/05/2009";16.31
"200905";SUDESTE;"16/05/2009";36.23
"200905";SUL;"16/05/2009";36.33
"200905";NORDESTE;"23/05/2009";29.6
"200905";NORTE;"23/05/2009";16.31
"200905";SUDESTE;"23/05/2009";37.12
"200905";SUL;"23/05/2009";37.12
"200905";NORDESTE;"30/05/2009";26.98
"200905";NORTE;"30/05/2009";16.31
"200905";SUDESTE;"30/05/2009";37.69
"200905";SUL;"30/05/2009";37.69
"200906";NORDESTE;"06/06/2009";25.56
"200906";NORTE;"06/06/2009";16.31
"200906";SUDESTE;"06/06/2009";34.99
"200906";SUL;"06/06/2009";34.99
"200906";NORDESTE;"13/06/2009";28.86
"200906";NORTE;"13/06/2009";16.31
"200906";SUDESTE;"13/06/2009";40.88
"200906";SUL;"13/06/2009";40.88
"200906";NORDESTE;"20/06/2009";30.27
"200906";NORTE;"20/06/2009";30.27
"200906";SUDESTE;"20/06/2009";42.75
"200906";SUL;"20/06/2009";42.75
"200906";NORDESTE;"27/06/2009";43.08
"200906";NORTE;"27/06/2009";43.08
"200906";SUDESTE;"27/06/2009";51.64
"200906";SUL;"27/06/2009";51.64
"200907";NORDESTE;"04/07/2009";30.4
"200907";NORTE;"04/07/2009";30.4
"200907";SUDESTE;"04/07/2009";38.92
"200907";SUL;"04/07/2009";38.92
"200907";NORDESTE;"11/07/2009";25.45
"200907";NORTE;"11/07/2009";25.45
"200907";SUDESTE;"11/07/2009";31.43
"200907";SUL;"11/07/2009";31.43
"200907";NORDESTE;"18/07/2009";17.32
"200907";NORTE;"18/07/2009";17.32
"200907";SUDESTE;"18/07/2009";20.77
"200907";SUL;"18/07/2009";20.77
"200907";NORDESTE;"25/07/2009";21.5
"200907";NORTE;"25/07/2009";21.5
"200907";SUDESTE;"25/07/2009";21.5
"200907";SUL;"25/07/2009";21.5
"200908";NORDESTE;"01/08/2009";16.31
"200908";NORTE;"01/08/2009";16.31
"200908";SUDESTE;"01/08/2009";16.31
"200908";SUL;"01/08/2009";16.31
"200908";NORDESTE;"08/08/2009";16.31
"200908";NORTE;"08/08/2009";16.31
"200908";SUDESTE;"08/08/2009";16.31
"200908";SUL;"08/08/2009";16.31
"200908";NORDESTE;"15/08/2009";16.31
"200908";NORTE;"15/08/2009";16.31
"200908";SUDESTE;"15/08/2009";16.31
"200908";SUL;"15/08/2009";16.31
"200908";NORDESTE;"22/08/2009";16.31
"200908";NORTE;"22/08/2009";16.31
"200908";SUDESTE;"22/08/2009";16.31
"200908";SUL;"22/08/2009";16.31
"200908";NORDESTE;"29/08/2009";16.31
"200908";NORTE;"29/08/2009";16.31
"200908";SUDESTE;"29/08/2009";16.31
"200908";SUL;"29/08/2009";16.31
"200909";NORDESTE;"05/09/2009";16.31
"200909";NORTE;"05/09/2009";16.31
"200909";SUDESTE;"05/09/2009";16.31
"200909";SUL;"05/09/2009";16.31
"200909";NORDESTE;"12/09/2009";16.31
"200909";NORTE;"12/09/2009";16.31
"200909";SUDESTE;"12/09/2009";16.31
"200909";SUL;"12/09/2009";16.31
"200909";NORDESTE;"19/09/2009";16.31
"200909";NORTE;"19/09/2009";16.31
"200909";SUDESTE;"19/09/2009";16.31
"200909";SUL;"19/09/2009";16.31
"200909";NORDESTE;"26/09/2009";16.31
"200909";NORTE;"26/09/2009";16.31
"200909";SUDESTE;"26/09/2009";16.31
"200909";SUL;"26/09/2009";16.31
"200910";NORDESTE;"03/10/2009";16.31
"200910";NORTE;"03/10/2009";16.31
"200910";SUDESTE;"03/10/2009";16.31
"200910";SUL;"03/10/2009";16.31
"200910";NORDESTE;"10/10/2009";16.31
"200910";NORTE;"10/10/2009";16.31
"200910";SUDESTE;"10/10/2009";16.31
"200910";SUL;"10/10/2009";16.31
"200910";NORDESTE;"17/10/2009";16.31
"200910";NORTE;"17/10/2009";16.31
"200910";SUDESTE;"17/10/2009";16.31
"200910";SUL;"17/10/2009";16.31
"200910";NORDESTE;"24/10/2009";16.31
"200910";NORTE;"24/10/2009";16.31
"200910";SUDESTE;"24/10/2009";16.31
"200910";SUL;"24/10/2009";16.31
"200910";NORDESTE;"31/10/2009";16.31
"200910";NORTE;"31/10/2009";16.31
"200910";SUDESTE;"31/10/2009";16.31
"200910";SUL;"31/10/2009";16.31
"200911";NORDESTE;"07/11/2009";16.31
"200911";NORTE;"07/11/2009";16.31
"200911";SUDESTE;"07/11/2009";16.31
"200911";SUL;"07/11/2009";16.31
"200911";NORDESTE;"14/11/2009";16.31
"200911";NORTE;"14/11/2009";16.31
"200911";SUDESTE;"14/11/2009";16.31
"200911";SUL;"14/11/2009";16.31
"200911";NORDESTE;"21/11/2009";16.31
"200911";NORTE;"21/11/2009";16.31
"200911";SUDESTE;"21/11/2009";16.31
"200911";SUL;"21/11/2009";16.31
"200911";NORDESTE;"28/11/2009";16.31
"200911";NORTE;"28/11/2009";16.31
"200911";SUDESTE;"28/11/2009";16.31
"200911";SUL;"28/11/2009";16.31
"200912";NORDESTE;"05/12/2009";16.31
"200912";NORTE;"05/12/2009";16.31
"200912";SUDESTE;"05/12/2009";16.31
"200912";SUL;"05/12/2009";16.31
"200912";NORDESTE;"12/12/2009";16.31
"200912";NORTE;"12/12/2009";16.31
"200912";SUDESTE;"12/12/2009";16.31
"200912";SUL;"12/12/2009";16.31
"200912";NORDESTE;"19/12/2009";16.31
"200912";NORTE;"19/12/2009";16.31
"200912";SUDESTE;"19/12/2009";16.31
"200912";SUL;"19/12/2009";16.31
"200912";NORDESTE;"26/12/2009";16.31
"200912";NORTE;"26/12/2009";16.31
"200912";SUDESTE;"26/12/2009";16.31
"200912";SUL;"26/12/2009";16.31
"201001";NORDESTE;"02/01/2010";12.8
"201001";NORTE;"02/01/2010";12.8
"201001";SUDESTE;"02/01/2010";12.8
"201001";SUL;"02/01/2010";12.8
"201001";NORDESTE;"09/01/2010";12.8
"201001";NORTE;"09/01/2010";12.8
"201001";SUDESTE;"09/01/2010";12.8
"201001";SUL;"09/01/2010";12.8
"201001";NORDESTE;"16/01/2010";12.8
"201001";NORTE;"16/01/2010";12.8
"201001";SUDESTE;"16/01/2010";12.8
"201001";SUL;"16/01/2010";12.8
"201001";NORDESTE;"23/01/2010";12.8
"201001";NORTE;"23/01/2010";12.8
"201001";SUDESTE;"23/01/2010";12.8
"201001";SUL;"23/01/2010";12.8
"201001";NORDESTE;"30/01/2010";12.8
"201001";NORTE;"30/01/2010";12.8
"201001";SUDESTE;"30/01/2010";12.8
"201001";SUL;"30/01/2010";12.8
"201002";NORDESTE;"06/02/2010";12.8
"201002";NORTE;"06/02/2010";12.8
"201002";SUDESTE;"06/02/2010";12.8
"201002";SUL;"06/02/2010";12.8
"201002";NORDESTE;"13/02/2010";14.84
"201002";NORTE;"13/02/2010";12.8
"201002";SUDESTE;"13/02/2010";12.8
"201002";SUL;"13/02/2010";12.8
"201002";NORDESTE;"20/02/2010";16.97
"201002";NORTE;"20/02/2010";12.8
"201002";SUDESTE;"20/02/2010";12.8
"201002";SUL;"20/02/2010";12.8
"201002";NORDESTE;"27/02/2010";34.59
"201002";NORTE;"27/02/2010";28.62
"201002";SUDESTE;"27/02/2010";28.62
"201002";SUL;"27/02/2010";28.62
"201003";NORDESTE;"06/03/2010";20.89
"201003";NORTE;"06/03/2010";15.85
"201003";SUDESTE;"06/03/2010";15.85
"201003";SUL;"06/03/2010";15.85
"201003";NORDESTE;"13/03/2010";25.68
"201003";NORTE;"13/03/2010";21.05
"201003";SUDESTE;"13/03/2010";21.05
"201003";SUL;"13/03/2010";21.05
"201003";NORDESTE;"20/03/2010";35.94
"201003";NORTE;"20/03/2010";35.82
"201003";SUDESTE;"20/03/2010";35.82
"201003";SUL;"20/03/2010";35.82
"201003";NORDESTE;"27/03/2010";38.26
"201003";NORTE;"27/03/2010";37.88
"201003";SUDESTE;"27/03/2010";37.88
"201003";SUL;"27/03/2010";37.88
"201004";NORDESTE;"03/04/2010";26.6
"201004";NORTE;"03/04/2010";21.34
"201004";SUDESTE;"03/04/2010";21.34
"201004";SUL;"03/04/2010";21.34
"201004";NORDESTE;"10/04/2010";20.63
"201004";NORTE;"10/04/2010";12.8
"201004";SUDESTE;"10/04/2010";12.8
"201004";SUL;"10/04/2010";12.8
"201004";NORDESTE;"17/04/2010";24.05
"201004";NORTE;"17/04/2010";23.96
"201004";SUDESTE;"17/04/2010";23.97
"201004";SUL;"17/04/2010";23.97
"201004";NORDESTE;"24/04/2010";23.32
"201004";NORTE;"24/04/2010";23.1
"201004";SUDESTE;"24/04/2010";23.13
"201004";SUL;"24/04/2010";23.13
"201005";NORDESTE;"01/05/2010";25.02
"201005";NORTE;"01/05/2010";23.8
"201005";SUDESTE;"01/05/2010";23.8
"201005";SUL;"01/05/2010";19.94
"201005";NORDESTE;"08/05/2010";30.6
"201005";NORTE;"08/05/2010";27.28
"201005";SUDESTE;"08/05/2010";27.28
"201005";SUL;"08/05/2010";23.62
"201005";NORDESTE;"15/05/2010";34.48
"201005";NORTE;"15/05/2010";32.9
"201005";SUDESTE;"15/05/2010";32.9
"201005";SUL;"15/05/2010";32.9
"201005";NORDESTE;"22/05/2010";36.25
"201005";NORTE;"22/05/2010";35.09
"201005";SUDESTE;"22/05/2010";35.07
"201005";SUL;"22/05/2010";32.67
"201005";NORDESTE;"29/05/2010";56.48
"201005";NORTE;"29/05/2010";56.48
"201005";SUDESTE;"29/05/2010";56.48
"201005";SUL;"29/05/2010";56.48
"201006";NORDESTE;"05/06/2010";60.57
"201006";NORTE;"05/06/2010";60.57
"201006";SUDESTE;"05/06/2010";60.57
"201006";SUL;"05/06/2010";60.57
"201006";NORDESTE;"12/06/2010";59.8
"201006";NORTE;"12/06/2010";59.8
"201006";SUDESTE;"12/06/2010";59.8
"201006";SUL;"12/06/2010";59.8
"201006";NORDESTE;"19/06/2010";65.73
"201006";NORTE;"19/06/2010";65.73
"201006";SUDESTE;"19/06/2010";65.73
"201006";SUL;"19/06/2010";65.73
"201006";NORDESTE;"26/06/2010";110.68
"201006";NORTE;"26/06/2010";110.68
"201006";SUDESTE;"26/06/2010";100.56
"201006";SUL;"26/06/2010";100.56
"201007";NORDESTE;"03/07/2010";102.95
"201007";NORTE;"03/07/2010";102.95
"201007";SUDESTE;"03/07/2010";102.78
"201007";SUL;"03/07/2010";102.78
"201007";NORDESTE;"10/07/2010";98.66
"201007";NORTE;"10/07/2010";98.66
"201007";SUDESTE;"10/07/2010";96.21
"201007";SUL;"10/07/2010";96.21
"201007";NORDESTE;"17/07/2010";94.51
"201007";NORTE;"17/07/2010";94.51
"201007";SUDESTE;"17/07/2010";80.9
"201007";SUL;"17/07/2010";80.9
"201007";NORDESTE;"24/07/2010";89.21
"201007";NORTE;"24/07/2010";89.21
"201007";SUDESTE;"24/07/2010";73.15
"201007";SUL;"24/07/2010";73.14
"201007";NORDESTE;"31/07/2010";105.68
"201007";NORTE;"31/07/2010";105.68
"201007";SUDESTE;"31/07/2010";105.27
"201007";SUL;"31/07/2010";105.27
"201008";NORDESTE;"07/08/2010";125.75
"201008";NORTE;"07/08/2010";125.75
"201008";SUDESTE;"07/08/2010";125.3
"201008";SUL;"07/08/2010";125.3
"201008";NORDESTE;"14/08/2010";118.4
"201008";NORTE;"14/08/2010";118.4
"201008";SUDESTE;"14/08/2010";117.23
"201008";SUL;"14/08/2010";117.23
"201008";NORDESTE;"21/08/2010";123.98
"201008";NORTE;"21/08/2010";123.91
"201008";SUDESTE;"21/08/2010";123.44
"201008";SUL;"21/08/2010";123.44
"201008";NORDESTE;"28/08/2010";154.88
"201008";NORTE;"28/08/2010";154.88
"201008";SUDESTE;"28/08/2010";105.98
"201008";SUL;"28/08/2010";105.97
"201009";NORDESTE;"04/09/2010";174.53
"201009";NORTE;"04/09/2010";174.53
"201009";SUDESTE;"04/09/2010";126.25
"201009";SUL;"04/09/2010";125.41
"201009";NORDESTE;"11/09/2010";171.77
"201009";NORTE;"11/09/2010";171.77
"201009";SUDESTE;"11/09/2010";117.26
"201009";SUL;"11/09/2010";117.26
"201009";NORDESTE;"18/09/2010";187.76
"201009";NORTE;"18/09/2010";187.76
"201009";SUDESTE;"18/09/2010";132.62
"201009";SUL;"18/09/2010";132.09
"201009";NORDESTE;"25/09/2010";246.32
"201009";NORTE;"25/09/2010";246.32
"201009";SUDESTE;"25/09/2010";168.6
"201009";SUL;"25/09/2010";168.6
"201010";NORDESTE;"02/10/2010";221.61
"201010";NORTE;"02/10/2010";221.61
"201010";SUDESTE;"02/10/2010";140.59
"201010";SUL;"02/10/2010";140.59
"201010";NORDESTE;"09/10/2010";180.45
"201010";NORTE;"09/10/2010";180.45
"201010";SUDESTE;"09/10/2010";116.22
"201010";SUL;"09/10/2010";116.22
"201010";NORDESTE;"16/10/2010";257.54
"201010";NORTE;"16/10/2010";257.54
"201010";SUDESTE;"16/10/2010";143.33
"201010";SUL;"16/10/2010";143.33
"201010";NORDESTE;"23/10/2010";292.61
"201010";NORTE;"23/10/2010";292.61
"201010";SUDESTE;"23/10/2010";143.66
"201010";SUL;"23/10/2010";143.66
"201010";NORDESTE;"30/10/2010";148.25
"201010";NORTE;"30/10/2010";148.25
"201010";SUDESTE;"30/10/2010";148.25
"201010";SUL;"30/10/2010";148.25
"201011";NORDESTE;"06/11/2010";118.11
"201011";NORTE;"06/11/2010";120.25
"201011";SUDESTE;"06/11/2010";120.25
"201011";SUL;"06/11/2010";120.25
"201011";NORDESTE;"13/11/2010";125.73
"201011";NORTE;"13/11/2010";126.57
"201011";SUDESTE;"13/11/2010";126.57
"201011";SUL;"13/11/2010";126.57
"201011";NORDESTE;"20/11/2010";98.71
"201011";NORTE;"20/11/2010";101.57
"201011";SUDESTE;"20/11/2010";101.57
"201011";SUL;"20/11/2010";101.57
"201011";NORDESTE;"27/11/2010";78.01
"201011";NORTE;"27/11/2010";80.25
"201011";SUDESTE;"27/11/2010";80.25
"201011";SUL;"27/11/2010";80.25
"201012";NORDESTE;"04/12/2010";82.41
"201012";NORTE;"04/12/2010";89.92
"201012";SUDESTE;"04/12/2010";89.92
"201012";SUL;"04/12/2010";89.92
"201012";NORDESTE;"11/12/2010";72.65
"201012";NORTE;"11/12/2010";75.41
"201012";SUDESTE;"11/12/2010";75.41
"201012";SUL;"11/12/2010";75.41
"201012";NORDESTE;"18/12/2010";62.52
"201012";NORTE;"18/12/2010";63.95
"201012";SUDESTE;"18/12/2010";63.95
"201012";SUL;"18/12/2010";63.95
"201012";NORDESTE;"25/12/2010";53.15
"201012";NORTE;"25/12/2010";53.36
"201012";SUDESTE;"25/12/2010";53.36
"201012";SUL;"25/12/2010";53.36
"201101";NORDESTE;"01/01/2011";69
"201101";NORTE;"01/01/2011";69
"201101";SUDESTE;"01/01/2011";69
"201101";SUL;"01/01/2011";69
"201101";NORDESTE;"08/01/2011";12.08
"201101";NORTE;"08/01/2011";12.08
"201101";SUDESTE;"08/01/2011";12.08
"201101";SUL;"08/01/2011";12.08
"201101";NORDESTE;"15/01/2011";15.37
"201101";NORTE;"15/01/2011";15.37
"201101";SUDESTE;"15/01/2011";15.51
"201101";SUL;"15/01/2011";15.51
"201101";NORDESTE;"22/01/2011";21.83
"201101";NORTE;"22/01/2011";21.83
"201101";SUDESTE;"22/01/2011";21.83
"201101";SUL;"22/01/2011";21.83
"201101";NORDESTE;"29/01/2011";23.27
"201101";NORTE;"29/01/2011";15.49
"201101";SUDESTE;"29/01/2011";15.49
"201101";SUL;"29/01/2011";15.49
"201102";NORDESTE;"05/02/2011";37.78
"201102";NORTE;"05/02/2011";37.78
"201102";SUDESTE;"05/02/2011";37.78
"201102";SUL;"05/02/2011";37.78
"201102";NORDESTE;"12/02/2011";54.1
"201102";NORTE;"12/02/2011";54.1
"201102";SUDESTE;"12/02/2011";54.1
"201102";SUL;"12/02/2011";53.62
"201102";NORDESTE;"19/02/2011";62.54
"201102";NORTE;"19/02/2011";62.54
"201102";SUDESTE;"19/02/2011";63.3
"201102";SUL;"19/02/2011";45.69
"201102";NORDESTE;"26/02/2011";79.05
"201102";NORTE;"26/02/2011";79.05
"201102";SUDESTE;"26/02/2011";79.77
"201102";SUL;"26/02/2011";56.02
"201103";NORDESTE;"05/03/2011";12.08
"201103";NORTE;"05/03/2011";12.08
"201103";SUDESTE;"05/03/2011";12.08
"201103";SUL;"05/03/2011";12.08
"201103";NORDESTE;"12/03/2011";29.13
"201103";NORTE;"12/03/2011";22.52
"201103";SUDESTE;"12/03/2011";22.52
"201103";SUL;"12/03/2011";22.52
"201103";NORDESTE;"19/03/2011";13.5
"201103";NORTE;"19/03/2011";12.99
"201103";SUDESTE;"19/03/2011";12.99
"201103";SUL;"19/03/2011";12.99
"201103";NORDESTE;"26/03/2011";12.08
"201103";NORTE;"26/03/2011";12.08
"201103";SUDESTE;"26/03/2011";12.08
"201103";SUL;"26/03/2011";12.08
"201104";NORDESTE;"02/04/2011";12.08
"201104";NORTE;"02/04/2011";12.08
"201104";SUDESTE;"02/04/2011";12.08
"201104";SUL;"02/04/2011";12.08
"201104";NORDESTE;"09/04/2011";12.08
"201104";NORTE;"09/04/2011";12.08
"201104";SUDESTE;"09/04/2011";12.08
"201104";SUL;"09/04/2011";12.08
"201104";NORDESTE;"16/04/2011";12.08
"201104";NORTE;"16/04/2011";12.08
"201104";SUDESTE;"16/04/2011";12.08
"201104";SUL;"16/04/2011";12.08
"201104";NORDESTE;"23/04/2011";12.08
"201104";NORTE;"23/04/2011";12.08
"201104";SUDESTE;"23/04/2011";12.08
"201104";SUL;"23/04/2011";12.08
"201104";NORDESTE;"30/04/2011";15.57
"201104";NORTE;"30/04/2011";15.54
"201104";SUDESTE;"30/04/2011";15.54
"201104";SUL;"30/04/2011";15.54
"201105";NORDESTE;"07/05/2011";13.7
"201105";NORTE;"07/05/2011";13.69
"201105";SUDESTE;"07/05/2011";13.82
"201105";SUL;"07/05/2011";13.82
"201105";NORDESTE;"14/05/2011";15.48
"201105";NORTE;"14/05/2011";15.48
"201105";SUDESTE;"14/05/2011";15.48
"201105";SUL;"14/05/2011";15.48
"201105";NORDESTE;"21/05/2011";17.06
"201105";NORTE;"21/05/2011";17.06
"201105";SUDESTE;"21/05/2011";17.06
"201105";SUL;"21/05/2011";17.06
"201105";NORDESTE;"28/05/2011";29.44
"201105";NORTE;"28/05/2011";29.44
"201105";SUDESTE;"28/05/2011";30.01
"201105";SUL;"28/05/2011";30.01
"201106";NORDESTE;"04/06/2011";32.79
"201106";NORTE;"04/06/2011";32.79
"201106";SUDESTE;"04/06/2011";32.79
"201106";SUL;"04/06/2011";32.79
"201106";NORDESTE;"11/06/2011";34.95
"201106";NORTE;"11/06/2011";34.95
"201106";SUDESTE;"11/06/2011";34.95
"201106";SUL;"11/06/2011";34.95
"201106";NORDESTE;"18/06/2011";29.67
"201106";NORTE;"18/06/2011";29.67
"201106";SUDESTE;"18/06/2011";29.67
"201106";SUL;"18/06/2011";29.67
"201106";NORDESTE;"25/06/2011";30.41
"201106";NORTE;"25/06/2011";30.41
"201106";SUDESTE;"25/06/2011";30.41
"201106";SUL;"25/06/2011";30.41
"201107";NORDESTE;"02/07/2011";27.77
"201107";NORTE;"02/07/2011";27.77
"201107";SUDESTE;"02/07/2011";27.77
"201107";SUL;"02/07/2011";27.77
"201107";NORDESTE;"09/07/2011";23.14
"201107";NORTE;"09/07/2011";23.14
"201107";SUDESTE;"09/07/2011";23.14
"201107";SUL;"09/07/2011";23.14
"201107";NORDESTE;"16/07/2011";20.97
"201107";NORTE;"16/07/2011";20.97
"201107";SUDESTE;"16/07/2011";20.97
"201107";SUL;"16/07/2011";20.97
"201107";NORDESTE;"23/07/2011";19.51
"201107";NORTE;"23/07/2011";19.5
"201107";SUDESTE;"23/07/2011";19.29
"201107";SUL;"23/07/2011";19.29
"201107";NORDESTE;"30/07/2011";23.55
"201107";NORTE;"30/07/2011";23.55
"201107";SUDESTE;"30/07/2011";23.55
"201107";SUL;"30/07/2011";18.85
"201108";NORDESTE;"06/08/2011";16.17
"201108";NORTE;"06/08/2011";16.17
"201108";SUDESTE;"06/08/2011";16.17
"201108";SUL;"06/08/2011";12.6
"201108";NORDESTE;"13/08/2011";17.88
"201108";NORTE;"13/08/2011";17.88
"201108";SUDESTE;"13/08/2011";17.88
"201108";SUL;"13/08/2011";15.97
"201108";NORDESTE;"20/08/2011";24.11
"201108";NORTE;"20/08/2011";24.11
"201108";SUDESTE;"20/08/2011";24.11
"201108";SUL;"20/08/2011";19.3
"201108";NORDESTE;"27/08/2011";16.61
"201108";NORTE;"27/08/2011";16.61
"201108";SUDESTE;"27/08/2011";16.54
"201108";SUL;"27/08/2011";12.08
"201109";NORDESTE;"03/09/2011";17.2
"201109";NORTE;"03/09/2011";17.2
"201109";SUDESTE;"03/09/2011";17.2
"201109";SUL;"03/09/2011";12.08
"201109";NORDESTE;"10/09/2011";20.78
"201109";NORTE;"10/09/2011";20.78
"201109";SUDESTE;"10/09/2011";20.78
"201109";SUL;"10/09/2011";17.28
"201109";NORDESTE;"17/09/2011";23.56
"201109";NORTE;"17/09/2011";23.56
"201109";SUDESTE;"17/09/2011";23.56
"201109";SUL;"17/09/2011";19.66
"201109";NORDESTE;"24/09/2011";24.47
"201109";NORTE;"24/09/2011";24.47
"201109";SUDESTE;"24/09/2011";24.47
"201109";SUL;"24/09/2011";20.28
"201110";NORDESTE;"01/10/2011";42.97
"201110";NORTE;"01/10/2011";42.97
"201110";SUDESTE;"01/10/2011";42.97
"201110";SUL;"01/10/2011";42.81
"201110";NORDESTE;"08/10/2011";43.13
"201110";NORTE;"08/10/2011";43.13
"201110";SUDESTE;"08/10/2011";43.13
"201110";SUL;"08/10/2011";42.88
"201110";NORDESTE;"15/10/2011";38.45
"201110";NORTE;"15/10/2011";38.43
"201110";SUDESTE;"15/10/2011";38.43
"201110";SUL;"15/10/2011";38.43
"201110";NORDESTE;"22/10/2011";23.59
"201110";NORTE;"22/10/2011";23.59
"201110";SUDESTE;"22/10/2011";23.59
"201110";SUL;"22/10/2011";23.59
"201110";NORDESTE;"29/10/2011";38.21
"201110";NORTE;"29/10/2011";38.21
"201110";SUDESTE;"29/10/2011";38.21
"201110";SUL;"29/10/2011";38.21
"201111";NORDESTE;"05/11/2011";43.63
"201111";NORTE;"05/11/2011";43.63
"201111";SUDESTE;"05/11/2011";43.63
"201111";SUL;"05/11/2011";43.63
"201111";NORDESTE;"12/11/2011";39.47
"201111";NORTE;"12/11/2011";39.47
"201111";SUDESTE;"12/11/2011";39.47
"201111";SUL;"12/11/2011";39.47
"201111";NORDESTE;"19/11/2011";44.9
"201111";NORTE;"19/11/2011";44.9
"201111";SUDESTE;"19/11/2011";44.9
"201111";SUL;"19/11/2011";44.9
"201111";NORDESTE;"26/11/2011";63.59
"201111";NORTE;"26/11/2011";63.59
"201111";SUDESTE;"26/11/2011";63.59
"201111";SUL;"26/11/2011";63.59
"201112";NORDESTE;"03/12/2011";51.44
"201112";NORTE;"03/12/2011";51.44
"201112";SUDESTE;"03/12/2011";51.44
"201112";SUL;"03/12/2011";51.44
"201112";NORDESTE;"10/12/2011";28.8
"201112";NORTE;"10/12/2011";28.8
"201112";SUDESTE;"10/12/2011";35.12
"201112";SUL;"10/12/2011";35.12
"201112";NORDESTE;"17/12/2011";35.04
"201112";NORTE;"17/12/2011";35.04
"201112";SUDESTE;"17/12/2011";45.22
"201112";SUL;"17/12/2011";45.22
"201112";NORDESTE;"24/12/2011";29.63
"201112";NORTE;"24/12/2011";29.63
"201112";SUDESTE;"24/12/2011";40.23
"201112";SUL;"24/12/2011";40.23
"201112";NORDESTE;"31/12/2011";16.01
"201112";NORTE;"31/12/2011";16.01
"201112";SUDESTE;"31/12/2011";46.71
"201112";SUL;"31/12/2011";46.71
"201201";NORDESTE;"07/01/2012";12.2
"201201";NORTE;"07/01/2012";12.2
"201201";SUDESTE;"07/01/2012";29.28
"201201";SUL;"07/01/2012";29.28
"201201";NORDESTE;"14/01/2012";12.2
"201201";NORTE;"14/01/2012";12.2
"201201";SUDESTE;"14/01/2012";12.2
"201201";SUL;"14/01/2012";12.2
"201201";NORDESTE;"21/01/2012";12.2
"201201";NORTE;"21/01/2012";12.2
"201201";SUDESTE;"21/01/2012";12.2
"201201";SUL;"21/01/2012";12.2
"201201";NORDESTE;"28/01/2012";12.2
"201201";NORTE;"28/01/2012";12.2
"201201";SUDESTE;"28/01/2012";15.62
"201201";SUL;"28/01/2012";15.62
"201202";NORDESTE;"04/02/2012";12.2
"201202";NORTE;"04/02/2012";12.2
"201202";SUDESTE;"04/02/2012";36.88
"201202";SUL;"04/02/2012";36.88
"201202";NORDESTE;"11/02/2012";12.2
"201202";NORTE;"11/02/2012";12.2
"201202";SUDESTE;"11/02/2012";55.13
"201202";SUL;"11/02/2012";55.13
"201202";NORDESTE;"18/02/2012";12.2
"201202";NORTE;"18/02/2012";12.2
"201202";SUDESTE;"18/02/2012";62.77
"201202";SUL;"18/02/2012";62.77
"201202";NORDESTE;"25/02/2012";14.35
"201202";NORTE;"25/02/2012";14.35
"201202";SUDESTE;"25/02/2012";67.55
"201202";SUL;"25/02/2012";67.55
"201203";NORDESTE;"03/03/2012";86.52
"201203";NORTE;"03/03/2012";86.52
"201203";SUDESTE;"03/03/2012";97.15
"201203";SUL;"03/03/2012";97.15
"201203";NORDESTE;"10/03/2012";116.8
"201203";NORTE;"10/03/2012";116.8
"201203";SUDESTE;"10/03/2012";137.24
"201203";SUL;"10/03/2012";137.24
"201203";NORDESTE;"17/03/2012";119.17
"201203";NORTE;"17/03/2012";119.17
"201203";SUDESTE;"17/03/2012";140.63
"201203";SUL;"17/03/2012";140.63
"201203";NORDESTE;"24/03/2012";132.55
"201203";NORTE;"24/03/2012";132.55
"201203";SUDESTE;"24/03/2012";132.55
"201203";SUL;"24/03/2012";132.55
"201203";NORDESTE;"31/03/2012";168.38
"201203";NORTE;"31/03/2012";168.38
"201203";SUDESTE;"31/03/2012";185.65
"201203";SUL;"31/03/2012";185.65
"201204";NORDESTE;"07/04/2012";187.17
"201204";NORTE;"07/04/2012";187.17
"201204";SUDESTE;"07/04/2012";192.04
"201204";SUL;"07/04/2012";196.21
"201204";NORDESTE;"14/04/2012";180.89
"201204";NORTE;"14/04/2012";180.89
"201204";SUDESTE;"14/04/2012";202.08
"201204";SUL;"14/04/2012";210.95
"201204";NORDESTE;"21/04/2012";191.6
"201204";NORTE;"21/04/2012";191.6
"201204";SUDESTE;"21/04/2012";191.6
"201204";SUL;"21/04/2012";191.6
"201204";NORDESTE;"28/04/2012";184.51
"201204";NORTE;"28/04/2012";184.51
"201204";SUDESTE;"28/04/2012";189.07
"201204";SUL;"28/04/2012";189.07
"201205";NORDESTE;"05/05/2012";179.96
"201205";NORTE;"05/05/2012";179.96
"201205";SUDESTE;"05/05/2012";179.96
"201205";SUL;"05/05/2012";179.96
"201205";NORDESTE;"12/05/2012";170.51
"201205";NORTE;"12/05/2012";170.51
"201205";SUDESTE;"12/05/2012";170.51
"201205";SUL;"12/05/2012";170.51
"201205";NORDESTE;"19/05/2012";190.84
"201205";NORTE;"19/05/2012";190.84
"201205";SUDESTE;"19/05/2012";190.84
"201205";SUL;"19/05/2012";190.84
"201205";NORDESTE;"26/05/2012";177.28
"201205";NORTE;"26/05/2012";177.28
"201205";SUDESTE;"26/05/2012";177.28
"201205";SUL;"26/05/2012";177.28
"201206";NORDESTE;"02/06/2012";146.75
"201206";NORTE;"02/06/2012";146.75
"201206";SUDESTE;"02/06/2012";146.75
"201206";SUL;"02/06/2012";146.75
"201206";NORDESTE;"09/06/2012";147.83
"201206";NORTE;"09/06/2012";147.83
"201206";SUDESTE;"09/06/2012";147.83
"201206";SUL;"09/06/2012";147.83
"201206";NORDESTE;"16/06/2012";102.87
"201206";NORTE;"16/06/2012";102.87
"201206";SUDESTE;"16/06/2012";102.87
"201206";SUL;"16/06/2012";102.87
"201206";NORDESTE;"23/06/2012";77.62
"201206";NORTE;"23/06/2012";76.95
"201206";SUDESTE;"23/06/2012";76.95
"201206";SUL;"23/06/2012";76.95
"201206";NORDESTE;"30/06/2012";56.3
"201206";NORTE;"30/06/2012";56.3
"201206";SUDESTE;"30/06/2012";56.3
"201206";SUL;"30/06/2012";56.29
"201207";NORDESTE;"07/07/2012";95
"201207";NORTE;"07/07/2012";95
"201207";SUDESTE;"07/07/2012";95
"201207";SUL;"07/07/2012";95
"201207";NORDESTE;"14/07/2012";106.43
"201207";NORTE;"14/07/2012";106.43
"201207";SUDESTE;"14/07/2012";106.43
"201207";SUL;"14/07/2012";106.43
"201207";NORDESTE;"21/07/2012";103.86
"201207";NORTE;"21/07/2012";103.86
"201207";SUDESTE;"21/07/2012";103.86
"201207";SUL;"21/07/2012";103.86
"201207";NORDESTE;"28/07/2012";88.35
"201207";NORTE;"28/07/2012";88.35
"201207";SUDESTE;"28/07/2012";88.35
"201207";SUL;"28/07/2012";88.35
"201208";NORDESTE;"04/08/2012";106.59
"201208";NORTE;"04/08/2012";106.59
"201208";SUDESTE;"04/08/2012";106.59
"201208";SUL;"04/08/2012";106.59
"201208";NORDESTE;"11/08/2012";116.3
"201208";NORTE;"11/08/2012";116.3
"201208";SUDESTE;"11/08/2012";116.3
"201208";SUL;"11/08/2012";116.3
"201208";NORDESTE;"18/08/2012";128.76
"201208";NORTE;"18/08/2012";128.76
"201208";SUDESTE;"18/08/2012";128.76
"201208";SUL;"18/08/2012";128.64
"201208";NORDESTE;"25/08/2012";137.76
"201208";NORTE;"25/08/2012";137.76
"201208";SUDESTE;"25/08/2012";137.76
"201208";SUL;"25/08/2012";137.76
"201209";NORDESTE;"01/09/2012";173.95
"201209";NORTE;"01/09/2012";173.95
"201209";SUDESTE;"01/09/2012";173.95
"201209";SUL;"01/09/2012";173.95
"201209";NORDESTE;"08/09/2012";181.4
"201209";NORTE;"08/09/2012";181.4
"201209";SUDESTE;"08/09/2012";181.4
"201209";SUL;"08/09/2012";181.4
"201209";NORDESTE;"15/09/2012";190.19
"201209";NORTE;"15/09/2012";190.19
"201209";SUDESTE;"15/09/2012";190.19
"201209";SUL;"15/09/2012";190.19
"201209";NORDESTE;"22/09/2012";187.45
"201209";NORTE;"22/09/2012";187.45
"201209";SUDESTE;"22/09/2012";187.45
"201209";SUL;"22/09/2012";187.45
"201209";NORDESTE;"29/09/2012";184.15
"201209";NORTE;"29/09/2012";184.15
"201209";SUDESTE;"29/09/2012";180.51
"201209";SUL;"29/09/2012";180.51
"201210";NORDESTE;"06/10/2012";256.3
"201210";NORTE;"06/10/2012";256.3
"201210";SUDESTE;"06/10/2012";243.09
"201210";SUL;"06/10/2012";243.09
"201210";NORDESTE;"13/10/2012";329.04
"201210";NORTE;"13/10/2012";329.04
"201210";SUDESTE;"13/10/2012";322.49
"201210";SUL;"13/10/2012";322.49
"201210";NORDESTE;"20/10/2012";330.39
"201210";NORTE;"20/10/2012";330.39
"201210";SUDESTE;"20/10/2012";288.17
"201210";SUL;"20/10/2012";288.17
"201210";NORDESTE;"27/10/2012";361.89
"201210";NORTE;"27/10/2012";361.89
"201210";SUDESTE;"27/10/2012";361.89
"201210";SUL;"27/10/2012";361.89
"201211";NORDESTE;"03/11/2012";429.01
"201211";NORTE;"03/11/2012";429.01
"201211";SUDESTE;"03/11/2012";429.01
"201211";SUL;"03/11/2012";429.01
"201211";NORDESTE;"10/11/2012";451.82
"201211";NORTE;"10/11/2012";451.82
"201211";SUDESTE;"10/11/2012";451.82
"201211";SUL;"10/11/2012";451.82
"201211";NORDESTE;"17/11/2012";315.12
"201211";NORTE;"17/11/2012";315.12
"201211";SUDESTE;"17/11/2012";315.12
"201211";SUL;"17/11/2012";315.12
"201211";NORDESTE;"24/11/2012";310.18
"201211";NORTE;"24/11/2012";310.18
"201211";SUDESTE;"24/11/2012";310.18
"201211";SUL;"24/11/2012";310.18
"201212";NORDESTE;"01/12/2012";203.27
"201212";NORTE;"01/12/2012";203.27
"201212";SUDESTE;"01/12/2012";203.27
"201212";SUL;"01/12/2012";203.27
"201212";NORDESTE;"08/12/2012";271.65
"201212";NORTE;"08/12/2012";271.65
"201212";SUDESTE;"08/12/2012";271.65
"201212";SUL;"08/12/2012";271.65
"201212";NORDESTE;"15/12/2012";184.69
"201212";NORTE;"15/12/2012";184.69
"201212";SUDESTE;"15/12/2012";184.86
"201212";SUL;"15/12/2012";184.86
"201212";NORDESTE;"22/12/2012";315.53
"201212";NORTE;"22/12/2012";315.53
"201212";SUDESTE;"22/12/2012";343.4
"201212";SUL;"22/12/2012";343.4
"201212";NORDESTE;"29/12/2012";341.66
"201212";NORTE;"29/12/2012";341.66
"201212";SUDESTE;"29/12/2012";341.66
"201212";SUL;"29/12/2012";341.66
"201301";NORDESTE;"05/01/2013";551.68
"201301";NORTE;"05/01/2013";551.68
"201301";SUDESTE;"05/01/2013";554.82
"201301";SUL;"05/01/2013";554.82
"201301";NORDESTE;"12/01/2013";339.83
"201301";NORTE;"12/01/2013";339.83
"201301";SUDESTE;"12/01/2013";339.83
"201301";SUL;"12/01/2013";339.83
"201301";NORDESTE;"19/01/2013";478.5
"201301";NORTE;"19/01/2013";478.5
"201301";SUDESTE;"19/01/2013";479.82
"201301";SUL;"19/01/2013";479.82
"201301";NORDESTE;"26/01/2013";290.91
"201301";NORTE;"26/01/2013";290.91
"201301";SUDESTE;"26/01/2013";307.52
"201301";SUL;"26/01/2013";307.52
"201302";NORDESTE;"02/02/2013";174.99
"201302";NORTE;"02/02/2013";174.99
"201302";SUDESTE;"02/02/2013";174.99
"201302";SUL;"02/02/2013";174.99
"201302";NORDESTE;"09/02/2013";152.61
"201302";NORTE;"09/02/2013";152.61
"201302";SUDESTE;"09/02/2013";156.62
"201302";SUL;"09/02/2013";156.62
"201302";NORDESTE;"16/02/2013";213.35
"201302";NORTE;"16/02/2013";213.35
"201302";SUDESTE;"16/02/2013";214.62
"201302";SUL;"16/02/2013";214.62
"201302";NORDESTE;"23/02/2013";312.59
"201302";NORTE;"23/02/2013";312.59
"201302";SUDESTE;"23/02/2013";312.59
"201302";SUL;"23/02/2013";312.59
"201303";NORDESTE;"02/03/2013";372.56
"201303";NORTE;"02/03/2013";372.56
"201303";SUDESTE;"02/03/2013";373.9
"201303";SUL;"02/03/2013";373.9
"201303";NORDESTE;"09/03/2013";341.75
"201303";NORTE;"09/03/2013";341.75
"201303";SUDESTE;"09/03/2013";341.98
"201303";SUL;"09/03/2013";341.98
"201303";NORDESTE;"16/03/2013";338.89
"201303";NORTE;"16/03/2013";338.89
"201303";SUDESTE;"16/03/2013";338.89
"201303";SUL;"16/03/2013";338.89
"201303";NORDESTE;"23/03/2013";321.51
"201303";NORTE;"23/03/2013";319.56
"201303";SUDESTE;"23/03/2013";319.56
"201303";SUL;"23/03/2013";319.56
"201303";NORDESTE;"30/03/2013";299.64
"201303";NORTE;"30/03/2013";299.64
"201303";SUDESTE;"30/03/2013";299.64
"201303";SUL;"30/03/2013";299.64
"201304";NORDESTE;"06/04/2013";189.79
"201304";NORTE;"06/04/2013";189.11
"201304";SUDESTE;"06/04/2013";189.11
"201304";SUL;"06/04/2013";189.11
"201304";NORDESTE;"13/04/2013";151.25
"201304";NORTE;"13/04/2013";150.3
"201304";SUDESTE;"13/04/2013";150.3
"201304";SUL;"13/04/2013";150.3
"201304";NORDESTE;"20/04/2013";131.47
"201304";NORTE;"20/04/2013";128.33
"201304";SUDESTE;"20/04/2013";128.33
"201304";SUL;"20/04/2013";128.33
"201304";NORDESTE;"27/04/2013";278.7
"201304";NORTE;"27/04/2013";277.68
"201304";SUDESTE;"27/04/2013";277.68
"201304";SUL;"27/04/2013";277.68
"201305";NORDESTE;"04/05/2013";345.77
"201305";NORTE;"04/05/2013";345.77
"201305";SUDESTE;"04/05/2013";349.42
"201305";SUL;"04/05/2013";348.25
"201305";NORDESTE;"11/05/2013";356.57
"201305";NORTE;"11/05/2013";356.57
"201305";SUDESTE;"11/05/2013";356.57
"201305";SUL;"11/05/2013";356.57
"201305";NORDESTE;"18/05/2013";354.32
"201305";NORTE;"18/05/2013";354.32
"201305";SUDESTE;"18/05/2013";354.32
"201305";SUL;"18/05/2013";354.32
"201305";NORDESTE;"25/05/2013";356.02
"201305";NORTE;"25/05/2013";356.02
"201305";SUDESTE;"25/05/2013";356.02
"201305";SUL;"25/05/2013";356.02
"201306";NORDESTE;"01/06/2013";323.54
"201306";NORTE;"01/06/2013";323.54
"201306";SUDESTE;"01/06/2013";323.54
"201306";SUL;"01/06/2013";323.54
"201306";NORDESTE;"08/06/2013";181.1
"201306";NORTE;"08/06/2013";180.62
"201306";SUDESTE;"08/06/2013";180.62
"201306";SUL;"08/06/2013";180.62
"201306";NORDESTE;"15/06/2013";192.06
"201306";NORTE;"15/06/2013";192.06
"201306";SUDESTE;"15/06/2013";192.06
"201306";SUL;"15/06/2013";192.06
"201306";NORDESTE;"22/06/2013";166.07
"201306";NORTE;"22/06/2013";166.07
"201306";SUDESTE;"22/06/2013";166.07
"201306";SUL;"22/06/2013";165.94
"201306";NORDESTE;"29/06/2013";99.43
"201306";NORTE;"29/06/2013";97.58
"201306";SUDESTE;"29/06/2013";97.15
"201306";SUL;"29/06/2013";55.54
"201307";NORDESTE;"06/07/2013";106.35
"201307";NORTE;"06/07/2013";106.35
"201307";SUDESTE;"06/07/2013";106.35
"201307";SUL;"06/07/2013";73.76
"201307";NORDESTE;"13/07/2013";123.73
"201307";NORTE;"13/07/2013";123.73
"201307";SUDESTE;"13/07/2013";123.73
"201307";SUL;"13/07/2013";100.14
"201307";NORDESTE;"20/07/2013";128.18
"201307";NORTE;"20/07/2013";128.18
"201307";SUDESTE;"20/07/2013";128.18
"201307";SUL;"20/07/2013";128.18
"201307";NORDESTE;"27/07/2013";153.04
"201307";NORTE;"27/07/2013";153.04
"201307";SUDESTE;"27/07/2013";153.04
"201307";SUL;"27/07/2013";153.04
"201308";NORDESTE;"03/08/2013";165.67
"201308";NORTE;"03/08/2013";165.67
"201308";SUDESTE;"03/08/2013";165.67
"201308";SUL;"03/08/2013";165.67
"201308";NORDESTE;"10/08/2013";149.1
"201308";NORTE;"10/08/2013";147.27
"201308";SUDESTE;"10/08/2013";147.27
"201308";SUL;"10/08/2013";96.7
"201308";NORDESTE;"17/08/2013";174.37
"201308";NORTE;"17/08/2013";172.59
"201308";SUDESTE;"17/08/2013";172.59
"201308";SUL;"17/08/2013";162.66
"201308";NORDESTE;"24/08/2013";159.49
"201308";NORTE;"24/08/2013";157.3
"201308";SUDESTE;"24/08/2013";157.3
"201308";SUL;"24/08/2013";139.82
"201308";NORDESTE;"31/08/2013";258.13
"201308";NORTE;"31/08/2013";258.13
"201308";SUDESTE;"31/08/2013";258.13
"201308";SUL;"31/08/2013";251.28
"201309";NORDESTE;"07/09/2013";270.23
"201309";NORTE;"07/09/2013";270.23
"201309";SUDESTE;"07/09/2013";270.23
"201309";SUL;"07/09/2013";260.95
"201309";NORDESTE;"14/09/2013";274.92
"201309";NORTE;"14/09/2013";274.92
"201309";SUDESTE;"14/09/2013";274.92
"201309";SUL;"14/09/2013";274.92
"201309";NORDESTE;"21/09/2013";272.51
"201309";NORTE;"21/09/2013";272.51
"201309";SUDESTE;"21/09/2013";260.92
"201309";SUL;"21/09/2013";247.45
"201309";NORDESTE;"28/09/2013";267.3
"201309";NORTE;"28/09/2013";267.3
"201309";SUDESTE;"28/09/2013";265.42
"201309";SUL;"28/09/2013";175.7
"201310";NORDESTE;"05/10/2013";254.75
"201310";NORTE;"05/10/2013";242
"201310";SUDESTE;"05/10/2013";242
"201310";SUL;"05/10/2013";93.11
"201310";NORDESTE;"12/10/2013";253.27
"201310";NORTE;"12/10/2013";253.27
"201310";SUDESTE;"12/10/2013";247.56
"201310";SUL;"12/10/2013";235.66
"201310";NORDESTE;"19/10/2013";270.87
"201310";NORTE;"19/10/2013";249.21
"201310";SUDESTE;"19/10/2013";249.21
"201310";SUL;"19/10/2013";243.87
"201310";NORDESTE;"26/10/2013";309.23
"201310";NORTE;"26/10/2013";309.23
"201310";SUDESTE;"26/10/2013";309.23
"201310";SUL;"26/10/2013";309.23
"201311";NORDESTE;"02/11/2013";316.38
"201311";NORTE;"02/11/2013";316.38
"201311";SUDESTE;"02/11/2013";316.38
"201311";SUL;"02/11/2013";316.38
"201311";NORDESTE;"09/11/2013";317.87
"201311";NORTE;"09/11/2013";317.87
"201311";SUDESTE;"09/11/2013";317.87
"201311";SUL;"09/11/2013";317.87
"201311";NORDESTE;"16/11/2013";336.58
"201311";NORTE;"16/11/2013";336.58
"201311";SUDESTE;"16/11/2013";336.58
"201311";SUL;"16/11/2013";336.58
"201311";NORDESTE;"23/11/2013";359.46
"201311";NORTE;"23/11/2013";359.46
"201311";SUDESTE;"23/11/2013";359.46
"201311";SUL;"23/11/2013";359.46
"201311";NORDESTE;"30/11/2013";309.62
"201311";NORTE;"30/11/2013";309.62
"201311";SUDESTE;"30/11/2013";309.62
"201311";SUL;"30/11/2013";309.62
"201312";NORDESTE;"07/12/2013";280.78
"201312";NORTE;"07/12/2013";276.99
"201312";SUDESTE;"07/12/2013";276.99
"201312";SUL;"07/12/2013";276.99
"201312";NORDESTE;"14/12/2013";309.33
"201312";NORTE;"14/12/2013";308.1
"201312";SUDESTE;"14/12/2013";308.1
"201312";SUL;"14/12/2013";308.1
"201312";NORDESTE;"21/12/2013";294.31
"201312";NORTE;"21/12/2013";294.31
"201312";SUDESTE;"21/12/2013";294.31
"201312";SUL;"21/12/2013";294.31
"201312";NORDESTE;"28/12/2013";249.92
"201312";NORTE;"28/12/2013";249.92
"201312";SUDESTE;"28/12/2013";249.92
"201312";SUL;"28/12/2013";249.92
"201401";NORDESTE;"04/01/2014";284.27
"201401";NORTE;"04/01/2014";224.82
"201401";SUDESTE;"04/01/2014";284.27
"201401";SUL;"04/01/2014";284.27
"201401";NORDESTE;"11/01/2014";391.8
"201401";NORTE;"11/01/2014";388.98
"201401";SUDESTE;"11/01/2014";388.98
"201401";SUL;"11/01/2014";388.98
"201401";NORDESTE;"18/01/2014";410.2
"201401";NORTE;"18/01/2014";410.2
"201401";SUDESTE;"18/01/2014";410.2
"201401";SUL;"18/01/2014";410.2
"201401";NORDESTE;"25/01/2014";486.59
"201401";NORTE;"25/01/2014";484.43
"201401";SUDESTE;"25/01/2014";484.43
"201401";SUL;"25/01/2014";484.43
"201402";NORDESTE;"01/02/2014";822.83
"201402";NORTE;"01/02/2014";822.83
"201402";SUDESTE;"01/02/2014";822.83
"201402";SUL;"01/02/2014";822.83
"201402";NORDESTE;"08/02/2014";740.56
"201402";NORTE;"08/02/2014";205.95
"201402";SUDESTE;"08/02/2014";822.83
"201402";SUL;"08/02/2014";822.83
"201402";NORDESTE;"15/02/2014";730.19
"201402";NORTE;"15/02/2014";574.31
"201402";SUDESTE;"15/02/2014";822.83
"201402";SUL;"15/02/2014";822.83
"201402";NORDESTE;"22/02/2014";730.17
"201402";NORTE;"22/02/2014";205.95
"201402";SUDESTE;"22/02/2014";822.83
"201402";SUL;"22/02/2014";822.83
"201403";NORDESTE;"01/03/2014";626.11
"201403";NORTE;"01/03/2014";400.51
"201403";SUDESTE;"01/03/2014";822.83
"201403";SUL;"01/03/2014";822.83
"201403";NORDESTE;"08/03/2014";725.25
"201403";NORTE;"08/03/2014";684.39
"201403";SUDESTE;"08/03/2014";822.83
"201403";SUL;"08/03/2014";822.83
"201403";NORDESTE;"15/03/2014";822.83
"201403";NORTE;"15/03/2014";822.83
"201403";SUDESTE;"15/03/2014";822.83
"201403";SUL;"15/03/2014";822.83
"201403";NORDESTE;"22/03/2014";822.83
"201403";NORTE;"22/03/2014";822.83
"201403";SUDESTE;"22/03/2014";822.83
"201403";SUL;"22/03/2014";822.83
"201403";NORDESTE;"29/03/2014";822.83
"201403";NORTE;"29/03/2014";822.83
"201403";SUDESTE;"29/03/2014";822.83
"201403";SUL;"29/03/2014";822.83
"201404";NORDESTE;"05/04/2014";822.4
"201404";NORTE;"05/04/2014";755.37
"201404";SUDESTE;"05/04/2014";822.83
"201404";SUL;"05/04/2014";822.83
"201404";NORDESTE;"12/04/2014";751.99
"201404";NORTE;"12/04/2014";695.31
"201404";SUDESTE;"12/04/2014";822.83
"201404";SUL;"12/04/2014";822.83
"201404";NORDESTE;"19/04/2014";695.92
"201404";NORTE;"19/04/2014";665.37
"201404";SUDESTE;"19/04/2014";822.83
"201404";SUL;"19/04/2014";822.83
"201404";NORDESTE;"26/04/2014";628.3
"201404";NORTE;"26/04/2014";217.66
"201404";SUDESTE;"26/04/2014";822.83
"201404";SUL;"26/04/2014";822.83
"201405";NORDESTE;"03/05/2014";697.82
"201405";NORTE;"03/05/2014";226.71
"201405";SUDESTE;"03/05/2014";792.95
"201405";SUL;"03/05/2014";792.95
"201405";NORDESTE;"10/05/2014";820.18
"201405";NORTE;"10/05/2014";149.51
"201405";SUDESTE;"10/05/2014";822.83
"201405";SUL;"10/05/2014";822.83
"201405";NORDESTE;"17/05/2014";822.83
"201405";NORTE;"17/05/2014";147.66
"201405";SUDESTE;"17/05/2014";822.83
"201405";SUL;"17/05/2014";822.83
"201405";NORDESTE;"24/05/2014";817.05
"201405";NORTE;"24/05/2014";817.05
"201405";SUDESTE;"24/05/2014";817.05
"201405";SUL;"24/05/2014";817.05
"201405";NORDESTE;"31/05/2014";577.39
"201405";NORTE;"31/05/2014";577.39
"201405";SUDESTE;"31/05/2014";577.65
"201405";SUL;"31/05/2014";577.65
"201406";NORDESTE;"07/06/2014";299.27
"201406";NORTE;"07/06/2014";299.27
"201406";SUDESTE;"07/06/2014";299.27
"201406";SUL;"07/06/2014";219.32
"201406";NORDESTE;"14/06/2014";384.12
"201406";NORTE;"14/06/2014";384.12
"201406";SUDESTE;"14/06/2014";384.12
"201406";SUL;"14/06/2014";15.62
"201406";NORDESTE;"21/06/2014";435.93
"201406";NORTE;"21/06/2014";435.93
"201406";SUDESTE;"21/06/2014";435.93
"201406";SUL;"21/06/2014";150.75
"201406";NORDESTE;"28/06/2014";368.53
"201406";NORTE;"28/06/2014";368.53
"201406";SUDESTE;"28/06/2014";368.53
"201406";SUL;"28/06/2014";15.62
"201407";NORDESTE;"05/07/2014";545.13
"201407";NORTE;"05/07/2014";545.13
"201407";SUDESTE;"05/07/2014";545.13
"201407";SUL;"05/07/2014";355.13
"201407";NORDESTE;"12/07/2014";651.08
"201407";NORTE;"12/07/2014";651.08
"201407";SUDESTE;"12/07/2014";651.08
"201407";SUL;"12/07/2014";650.1
"201407";NORDESTE;"19/07/2014";715.19
"201407";NORTE;"19/07/2014";715.19
"201407";SUDESTE;"19/07/2014";715.19
"201407";SUL;"19/07/2014";715.19
"201407";NORDESTE;"26/07/2014";581.9
"201407";NORTE;"26/07/2014";581.9
"201407";SUDESTE;"26/07/2014";581.9
"201407";SUL;"26/07/2014";581.9
"201408";NORDESTE;"02/08/2014";809.43
"201408";NORTE;"02/08/2014";809.43
"201408";SUDESTE;"02/08/2014";809.43
"201408";SUL;"02/08/2014";809.43
"201408";NORDESTE;"09/08/2014";649.96
"201408";NORTE;"09/08/2014";649.96
"201408";SUDESTE;"09/08/2014";649.96
"201408";SUL;"09/08/2014";649.96
"201408";NORDESTE;"16/08/2014";697.22
"201408";NORTE;"16/08/2014";697.22
"201408";SUDESTE;"16/08/2014";697.22
"201408";SUL;"16/08/2014";697.22
"201408";NORDESTE;"23/08/2014";695.03
"201408";NORTE;"23/08/2014";695.03
"201408";SUDESTE;"23/08/2014";695.03
"201408";SUL;"23/08/2014";695.03
"201408";NORDESTE;"30/08/2014";728.81
"201408";NORTE;"30/08/2014";728.81
"201408";SUDESTE;"30/08/2014";728.81
"201408";SUL;"30/08/2014";728.81
"201409";NORDESTE;"06/09/2014";703.31
"201409";NORTE;"06/09/2014";703.31
"201409";SUDESTE;"06/09/2014";703.31
"201409";SUL;"06/09/2014";703.31
"201409";NORDESTE;"13/09/2014";770.63
"201409";NORTE;"13/09/2014";770.63
"201409";SUDESTE;"13/09/2014";770.63
"201409";SUL;"13/09/2014";770.63
"201409";NORDESTE;"20/09/2014";745.91
"201409";NORTE;"20/09/2014";745.91
"201409";SUDESTE;"20/09/2014";745.91
"201409";SUL;"20/09/2014";745.91
"201409";NORDESTE;"27/09/2014";671.68
"201409";NORTE;"27/09/2014";671.68
"201409";SUDESTE;"27/09/2014";671.68
"201409";SUL;"27/09/2014";671.68
"201410";NORDESTE;"04/10/2014";697.51
"201410";NORTE;"04/10/2014";697.51
"201410";SUDESTE;"04/10/2014";697.51
"201410";SUL;"04/10/2014";496.95
"201410";NORDESTE;"11/10/2014";808.68
"201410";NORTE;"11/10/2014";808.68
"201410";SUDESTE;"11/10/2014";808.68
"201410";SUL;"11/10/2014";808.68
"201410";NORDESTE;"18/10/2014";822.83
"201410";NORTE;"18/10/2014";822.83
"201410";SUDESTE;"18/10/2014";822.83
"201410";SUL;"18/10/2014";822.83
"201410";NORDESTE;"25/10/2014";822.83
"201410";NORTE;"25/10/2014";822.83
"201410";SUDESTE;"25/10/2014";822.83
"201410";SUL;"25/10/2014";822.83
"201411";NORDESTE;"01/11/2014";822.83
"201411";NORTE;"01/11/2014";822.83
"201411";SUDESTE;"01/11/2014";822.83
"201411";SUL;"01/11/2014";822.83
"201411";NORDESTE;"08/11/2014";822.83
"201411";NORTE;"08/11/2014";822.83
"201411";SUDESTE;"08/11/2014";822.83
"201411";SUL;"08/11/2014";822.83
"201411";NORDESTE;"15/11/2014";822.83
"201411";NORTE;"15/11/2014";822.83
"201411";SUDESTE;"15/11/2014";822.83
"201411";SUL;"15/11/2014";822.83
"201411";NORDESTE;"22/11/2014";822.83
"201411";NORTE;"22/11/2014";822.83
"201411";SUDESTE;"22/11/2014";822.83
"201411";SUL;"22/11/2014";822.83
"201411";NORDESTE;"29/11/2014";548.75
"201411";NORTE;"29/11/2014";548.75
"201411";SUDESTE;"29/11/2014";548.75
"201411";SUL;"29/11/2014";548.75
"201412";NORDESTE;"06/12/2014";676.22
"201412";NORTE;"06/12/2014";676.22
"201412";SUDESTE;"06/12/2014";676.22
"201412";SUL;"06/12/2014";676.22
"201412";NORDESTE;"13/12/2014";658.05
"201412";NORTE;"13/12/2014";658.05
"201412";SUDESTE;"13/12/2014";658.05
"201412";SUL;"13/12/2014";658.05
"201412";NORDESTE;"20/12/2014";658.73
"201412";NORTE;"20/12/2014";658.73
"201412";SUDESTE;"20/12/2014";658.73
"201412";SUL;"20/12/2014";658.73
"201412";NORDESTE;"27/12/2014";388.48
"201412";NORTE;"27/12/2014";388.48
"201412";SUDESTE;"27/12/2014";388.48
"201412";SUL;"27/12/2014";388.48
"201501";NORDESTE;"03/01/2015";388.48
"201501";NORTE;"03/01/2015";388.48
"201501";SUDESTE;"03/01/2015";388.48
"201501";SUL;"03/01/2015";388.48
"201501";NORDESTE;"10/01/2015";388.48
"201501";NORTE;"10/01/2015";388.48
"201501";SUDESTE;"10/01/2015";388.48
"201501";SUL;"10/01/2015";388.48
"201501";NORDESTE;"17/01/2015";388.48
"201501";NORTE;"17/01/2015";388.48
"201501";SUDESTE;"17/01/2015";388.48
"201501";SUL;"17/01/2015";388.48
"201501";NORDESTE;"24/01/2015";388.48
"201501";NORTE;"24/01/2015";388.48
"201501";SUDESTE;"24/01/2015";388.48
"201501";SUL;"24/01/2015";388.48
"201501";NORDESTE;"31/01/2015";388.48
"201501";NORTE;"31/01/2015";388.48
"201501";SUDESTE;"31/01/2015";388.48
"201501";SUL;"31/01/2015";388.48
"201502";NORDESTE;"07/02/2015";388.48
"201502";NORTE;"07/02/2015";388.48
"201502";SUDESTE;"07/02/2015";388.48
"201502";SUL;"07/02/2015";388.48
"201502";NORDESTE;"14/02/2015";388.48
"201502";NORTE;"14/02/2015";388.48
"201502";SUDESTE;"14/02/2015";388.48
"201502";SUL;"14/02/2015";388.48
"201502";NORDESTE;"21/02/2015";388.48
"201502";NORTE;"21/02/2015";388.48
"201502";SUDESTE;"21/02/2015";388.48
"201502";SUL;"21/02/2015";388.48
"201502";NORDESTE;"28/02/2015";388.48
"201502";NORTE;"28/02/2015";388.48
"201502";SUDESTE;"28/02/2015";388.48
"201502";SUL;"28/02/2015";388.48
"201503";NORDESTE;"07/03/2015";388.48
"201503";NORTE;"07/03/2015";355.45
"201503";SUDESTE;"07/03/2015";388.48
"201503";SUL;"07/03/2015";388.48
"201503";NORDESTE;"14/03/2015";388.48
"201503";NORTE;"14/03/2015";388.48
"201503";SUDESTE;"14/03/2015";388.48
"201503";SUL;"14/03/2015";388.48
"201503";NORDESTE;"21/03/2015";388.48
"201503";NORTE;"21/03/2015";388.48
"201503";SUDESTE;"21/03/2015";388.48
"201503";SUL;"21/03/2015";388.48
"201503";NORDESTE;"28/03/2015";388.48
"201503";NORTE;"28/03/2015";68.69
"201503";SUDESTE;"28/03/2015";388.48
"201503";SUL;"28/03/2015";388.48
"201504";NORDESTE;"04/04/2015";388.48
"201504";NORTE;"04/04/2015";92.03
"201504";SUDESTE;"04/04/2015";388.48
"201504";SUL;"04/04/2015";388.48
"201504";NORDESTE;"11/04/2015";388.48
"201504";NORTE;"11/04/2015";213.53
"201504";SUDESTE;"11/04/2015";388.48
"201504";SUL;"11/04/2015";388.48
"201504";NORDESTE;"18/04/2015";388.48
"201504";NORTE;"18/04/2015";108.95
"201504";SUDESTE;"18/04/2015";388.48
"201504";SUL;"18/04/2015";388.48
"201504";NORDESTE;"25/04/2015";388.48
"201504";NORTE;"25/04/2015";119.33
"201504";SUDESTE;"25/04/2015";388.48
"201504";SUL;"25/04/2015";388.48
"201505";NORDESTE;"02/05/2015";388.48
"201505";NORTE;"02/05/2015";100.06
"201505";SUDESTE;"02/05/2015";388.48
"201505";SUL;"02/05/2015";388.48
"201505";NORDESTE;"09/05/2015";388.48
"201505";NORTE;"09/05/2015";92.96
"201505";SUDESTE;"09/05/2015";388.48
"201505";SUL;"09/05/2015";388.48
"201505";NORDESTE;"16/05/2015";388.48
"201505";NORTE;"16/05/2015";133.55
"201505";SUDESTE;"16/05/2015";388.48
"201505";SUL;"16/05/2015";388.48
"201505";NORDESTE;"23/05/2015";388.48
"201505";NORTE;"23/05/2015";158.54
"201505";SUDESTE;"23/05/2015";388.48
"201505";SUL;"23/05/2015";388.48
"201506";NORDESTE;"01/06/2015";375.81
"201506";NORTE;"01/06/2015";375.81
"201506";SUDESTE;"01/06/2015";375.81
"201506";SUL;"01/06/2015";375.81
"201506";NORDESTE;"06/06/2015";383.85
"201506";NORTE;"06/06/2015";383.85
"201506";SUDESTE;"06/06/2015";383.85
"201506";SUL;"06/06/2015";383.85
"201506";NORDESTE;"13/06/2015";360.54
"201506";NORTE;"13/06/2015";360.54
"201506";SUDESTE;"13/06/2015";360.54
"201506";SUL;"13/06/2015";360.54
"201506";NORDESTE;"20/06/2015";369.03
"201506";NORTE;"20/06/2015";369.03
"201506";SUDESTE;"20/06/2015";369.03
"201506";SUL;"20/06/2015";369.03
"201506";NORDESTE;"27/06/2015";378.01
"201506";NORTE;"27/06/2015";378.01
"201506";SUDESTE;"27/06/2015";378.01
"201506";SUL;"27/06/2015";378.01
"201507";NORDESTE;"04/07/2015";317.79
"201507";NORTE;"04/07/2015";317.79
"201507";SUDESTE;"04/07/2015";317.79
"201507";SUL;"04/07/2015";317.79
"201507";NORDESTE;"11/07/2015";238.74
"201507";NORTE;"11/07/2015";231.65
"201507";SUDESTE;"11/07/2015";231.65
"201507";SUL;"11/07/2015";231.65
"201507";NORDESTE;"18/07/2015";179.81
"201507";NORTE;"18/07/2015";177.84
"201507";SUDESTE;"18/07/2015";172.69
"201507";SUL;"18/07/2015";105.22
"201507";NORDESTE;"25/07/2015";180.61
"201507";NORTE;"25/07/2015";178.63
"201507";SUDESTE;"25/07/2015";178.63
"201507";SUL;"25/07/2015";95.04
"201508";NORDESTE;"01/08/2015";118.81
"201508";NORTE;"01/08/2015";118.81
"201508";SUDESTE;"01/08/2015";118.81
"201508";SUL;"01/08/2015";118.81
"201508";NORDESTE;"08/08/2015";129.52
"201508";NORTE;"08/08/2015";129.52
"201508";SUDESTE;"08/08/2015";129.52
"201508";SUL;"08/08/2015";129.52
"201508";NORDESTE;"15/08/2015";136.94
"201508";NORTE;"15/08/2015";136.94
"201508";SUDESTE;"15/08/2015";136.94
"201508";SUL;"15/08/2015";136.94
"201508";NORDESTE;"22/08/2015";139.91
"201508";NORTE;"22/08/2015";139.91
"201508";SUDESTE;"22/08/2015";139.91
"201508";SUL;"22/08/2015";139.91
"201508";NORDESTE;"29/08/2015";274.98
"201508";NORTE;"29/08/2015";274.98
"201508";SUDESTE;"29/08/2015";274.98
"201508";SUL;"29/08/2015";274.98
"201509";NORDESTE;"05/09/2015";245.97
"201509";NORTE;"05/09/2015";245.97
"201509";SUDESTE;"05/09/2015";245.97
"201509";SUL;"05/09/2015";245.97
"201509";NORDESTE;"12/09/2015";199.89
"201509";NORTE;"12/09/2015";199.89
"201509";SUDESTE;"12/09/2015";199.89
"201509";SUL;"12/09/2015";199.89
"201509";NORDESTE;"19/09/2015";222.23
"201509";NORTE;"19/09/2015";222.23
"201509";SUDESTE;"19/09/2015";222.23
"201509";SUL;"19/09/2015";222.23
"201509";NORDESTE;"26/09/2015";206.68
"201509";NORTE;"26/09/2015";206.68
"201509";SUDESTE;"26/09/2015";206.68
"201509";SUL;"26/09/2015";206.68
"201510";NORDESTE;"03/10/2015";217.18
"201510";NORTE;"03/10/2015";217.18
"201510";SUDESTE;"03/10/2015";217.18
"201510";SUL;"03/10/2015";217.18
"201510";NORDESTE;"10/10/2015";205.67
"201510";NORTE;"10/10/2015";205.67
"201510";SUDESTE;"10/10/2015";205.67
"201510";SUL;"10/10/2015";205.67
"201510";NORDESTE;"17/10/2015";207.24
"201510";NORTE;"17/10/2015";207.24
"201510";SUDESTE;"17/10/2015";207.24
"201510";SUL;"17/10/2015";192.4
"201510";NORDESTE;"24/10/2015";244.03
"201510";NORTE;"24/10/2015";244.03
"201510";SUDESTE;"24/10/2015";214.83
"201510";SUL;"24/10/2015";197.08
"201510";NORDESTE;"31/10/2015";245.3
"201510";NORTE;"31/10/2015";245.3
"201510";SUDESTE;"31/10/2015";245.3
"201510";SUL;"31/10/2015";187.89
"201511";NORDESTE;"07/11/2015";212.39
"201511";NORTE;"07/11/2015";212.39
"201511";SUDESTE;"07/11/2015";208.17
"201511";SUL;"07/11/2015";195.6
"201511";NORDESTE;"14/11/2015";274.91
"201511";NORTE;"14/11/2015";274.91
"201511";SUDESTE;"14/11/2015";188.81
"201511";SUL;"14/11/2015";188.81
"201511";NORDESTE;"21/11/2015";323.15
"201511";NORTE;"21/11/2015";323.15
"201511";SUDESTE;"21/11/2015";199.57
"201511";SUL;"21/11/2015";192.96
"201511";NORDESTE;"28/11/2015";371.08
"201511";NORTE;"28/11/2015";196.62
"201511";SUDESTE;"28/11/2015";149.49
"201511";SUL;"28/11/2015";149.49
"201512";NORDESTE;"05/12/2015";323.15
"201512";NORTE;"05/12/2015";159.61
"201512";SUDESTE;"05/12/2015";134.33
"201512";SUL;"05/12/2015";134.33
"201512";NORDESTE;"12/12/2015";309.97
"201512";NORTE;"12/12/2015";175.7
"201512";SUDESTE;"12/12/2015";110.1
"201512";SUL;"12/12/2015";98.39
"201512";NORDESTE;"19/12/2015";201.72
"201512";NORTE;"19/12/2015";197.89
"201512";SUDESTE;"19/12/2015";140.15
"201512";SUL;"19/12/2015";127.35
"201512";NORDESTE;"26/12/2015";344.41
"201512";NORTE;"26/12/2015";109.12
"201512";SUDESTE;"26/12/2015";50.59
"201512";SUL;"26/12/2015";50.59
"201601";NORDESTE;"02/01/2016";352.86
"201601";NORTE;"02/01/2016";111.14
"201601";SUDESTE;"02/01/2016";46.02
"201601";SUL;"02/01/2016";45.78
"201601";NORDESTE;"09/01/2016";318.24
"201601";NORTE;"09/01/2016";85.28
"201601";SUDESTE;"09/01/2016";35.76
"201601";SUL;"09/01/2016";35.76
"201601";NORDESTE;"16/01/2016";309.97
"201601";NORTE;"16/01/2016";30.25
"201601";SUDESTE;"16/01/2016";30.25
"201601";SUL;"16/01/2016";30.25
"201601";NORDESTE;"23/01/2016";304.41
"201601";NORTE;"23/01/2016";30.25
"201601";SUDESTE;"23/01/2016";30.25
"201601";SUL;"23/01/2016";30.25
"201601";NORDESTE;"30/01/2016";139.88
"201601";NORTE;"30/01/2016";30.25
"201601";SUDESTE;"30/01/2016";30.25
"201601";SUL;"30/01/2016";30.25
"201602";NORDESTE;"06/02/2016";111.65
"201602";NORTE;"06/02/2016";30.25
"201602";SUDESTE;"06/02/2016";30.25
"201602";SUL;"06/02/2016";30.25
"201602";NORDESTE;"13/02/2016";137.81
"201602";NORTE;"13/02/2016";30.25
"201602";SUDESTE;"13/02/2016";30.25
"201602";SUL;"13/02/2016";30.25
"201602";NORDESTE;"20/02/2016";243.41
"201602";NORTE;"20/02/2016";30.25
"201602";SUDESTE;"20/02/2016";30.25
"201602";SUL;"20/02/2016";30.25
"201602";NORDESTE;"27/02/2016";223.17
"201602";NORTE;"27/02/2016";32.16
"201602";SUDESTE;"27/02/2016";32.16
"201602";SUL;"27/02/2016";32.16
"201603";NORDESTE;"05/03/2016";240.34
"201603";NORTE;"05/03/2016";51.93
"201603";SUDESTE;"05/03/2016";51.93
"201603";SUL;"05/03/2016";51.93
"201603";NORDESTE;"12/03/2016";259.26
"201603";NORTE;"12/03/2016";30.58
"201603";SUDESTE;"12/03/2016";30.58
"201603";SUL;"12/03/2016";30.58
"201603";NORDESTE;"19/03/2016";248.6
"201603";NORTE;"19/03/2016";30.25
"201603";SUDESTE;"19/03/2016";30.25
"201603";SUL;"19/03/2016";30.25
"201603";NORDESTE;"26/03/2016";265.53
"201603";NORTE;"26/03/2016";41.82
"201603";SUDESTE;"26/03/2016";41.82
"201603";SUL;"26/03/2016";41.82
"201604";NORDESTE;"02/04/2016";276.82
"201604";NORTE;"02/04/2016";43.13
"201604";SUDESTE;"02/04/2016";43.13
"201604";SUL;"02/04/2016";43.13
"201604";NORDESTE;"09/04/2016";275.5
"201604";NORTE;"09/04/2016";47.79
"201604";SUDESTE;"09/04/2016";47.79
"201604";SUL;"09/04/2016";47.79
"201604";NORDESTE;"16/04/2016";262.72
"201604";NORTE;"16/04/2016";51.45
"201604";SUDESTE;"16/04/2016";51.45
"201604";SUL;"16/04/2016";51.45
"201604";NORDESTE;"23/04/2016";275.22
"201604";NORTE;"23/04/2016";51.03
"201604";SUDESTE;"23/04/2016";51.03
"201604";SUL;"23/04/2016";51.03
"201604";NORDESTE;"30/04/2016";103.2
"201604";NORTE;"30/04/2016";87.9
"201604";SUDESTE;"30/04/2016";86.45
"201604";SUL;"30/04/2016";86.45
"201605";NORDESTE;"07/05/2016";99.79
"201605";NORTE;"07/05/2016";82.12
"201605";SUDESTE;"07/05/2016";80.39
"201605";SUL;"07/05/2016";80.39
"201605";NORDESTE;"14/05/2016";99.79
"201605";NORTE;"14/05/2016";76.7
"201605";SUDESTE;"14/05/2016";74.51
"201605";SUL;"14/05/2016";72.54
"201605";NORDESTE;"21/05/2016";99.79
"201605";NORTE;"21/05/2016";77.98
"201605";SUDESTE;"21/05/2016";73.31
"201605";SUL;"21/05/2016";73.31
"201605";NORDESTE;"28/05/2016";143.67
"201605";NORTE;"28/05/2016";143.67
"201605";SUDESTE;"28/05/2016";59.68
"201605";SUL;"28/05/2016";55.8
"201606";NORDESTE;"04/06/2016";113.72
"201606";NORTE;"04/06/2016";90.74
"201606";SUDESTE;"04/06/2016";59.54
"201606";SUL;"04/06/2016";50.34
"201606";NORDESTE;"11/06/2016";130.78
"201606";NORTE;"11/06/2016";87.19
"201606";SUDESTE;"11/06/2016";58.29
"201606";SUL;"11/06/2016";50.22
"201606";NORDESTE;"18/06/2016";112.76
"201606";NORTE;"18/06/2016";109.14
"201606";SUDESTE;"18/06/2016";56.8
"201606";SUL;"18/06/2016";53.12
"201606";NORDESTE;"25/06/2016";104.13
"201606";NORTE;"25/06/2016";104.13
"201606";SUDESTE;"25/06/2016";72.94
"201606";SUL;"25/06/2016";72.94
"201607";NORDESTE;"02/07/2016";95.22
"201607";NORTE;"02/07/2016";83.94
"201607";SUDESTE;"02/07/2016";82.14
"201607";SUL;"02/07/2016";82.14
"201607";NORDESTE;"09/07/2016";108.91
"201607";NORTE;"09/07/2016";108.91
"201607";SUDESTE;"09/07/2016";86.22
"201607";SUL;"09/07/2016";86.22
"201607";NORDESTE;"16/07/2016";111.88
"201607";NORTE;"16/07/2016";111.88
"201607";SUDESTE;"16/07/2016";79.96
"201607";SUL;"16/07/2016";79.96
"201607";NORDESTE;"23/07/2016";117.05
"201607";NORTE;"23/07/2016";117.05
"201607";SUDESTE;"23/07/2016";77.36
"201607";SUL;"23/07/2016";77.36
"201607";NORDESTE;"30/07/2016";117.58
"201607";NORTE;"30/07/2016";117.58
"201607";SUDESTE;"30/07/2016";117.58
"201607";SUL;"30/07/2016";117.58
"201608";NORDESTE;"06/08/2016";117.44
"201608";NORTE;"06/08/2016";117.44
"201608";SUDESTE;"06/08/2016";117.44
"201608";SUL;"06/08/2016";117.44
"201608";NORDESTE;"13/08/2016";115.63
"201608";NORTE;"13/08/2016";115.63
"201608";SUDESTE;"13/08/2016";115.63
"201608";SUL;"13/08/2016";115.63
"201608";NORDESTE;"20/08/2016";111.74
"201608";NORTE;"20/08/2016";111.74
"201608";SUDESTE;"20/08/2016";94.51
"201608";SUL;"20/08/2016";94.51
"201608";NORDESTE;"27/08/2016";140.71
"201608";NORTE;"27/08/2016";140.71
"201608";SUDESTE;"27/08/2016";140.71
"201608";SUL;"27/08/2016";122.17
"201609";NORDESTE;"01/09/2016";140.71
"201609";NORTE;"01/09/2016";140.71
"201609";SUDESTE;"01/09/2016";140.71
"201609";SUL;"01/09/2016";122.17
"201609";NORDESTE;"03/09/2016";147.87
"201609";NORTE;"03/09/2016";147.87
"201609";SUDESTE;"03/09/2016";147.87
"201609";SUL;"03/09/2016";127.83
"201609";NORDESTE;"10/09/2016";148.26
"201609";NORTE;"10/09/2016";148.26
"201609";SUDESTE;"10/09/2016";148.26
"201609";SUL;"10/09/2016";135.69
"201609";NORDESTE;"17/09/2016";145.5
"201609";NORTE;"17/09/2016";145.5
"201609";SUDESTE;"17/09/2016";145.5
"201609";SUL;"17/09/2016";145.5
"201609";NORDESTE;"24/09/2016";155.22
"201609";NORTE;"24/09/2016";155.22
"201609";SUDESTE;"24/09/2016";155.22
"201609";SUL;"24/09/2016";155.22
"201610";NORDESTE;"01/10/2016";213.29
"201610";NORTE;"01/10/2016";213.29
"201610";SUDESTE;"01/10/2016";213.29
"201610";SUL;"01/10/2016";213.29
"201610";NORDESTE;"08/10/2016";214.32
"201610";NORTE;"08/10/2016";214.32
"201610";SUDESTE;"08/10/2016";214.32
"201610";SUL;"08/10/2016";214.32
"201610";NORDESTE;"15/10/2016";193.41
"201610";NORTE;"15/10/2016";193.41
"201610";SUDESTE;"15/10/2016";193.41
"201610";SUL;"15/10/2016";193.41
"201610";NORDESTE;"22/10/2016";165.81
"201610";NORTE;"22/10/2016";165.81
"201610";SUDESTE;"22/10/2016";165.81
"201610";SUL;"22/10/2016";165.81
"201610";NORDESTE;"29/10/2016";232.85
"201610";NORTE;"29/10/2016";232.85
"201610";SUDESTE;"29/10/2016";232.85
"201610";SUL;"29/10/2016";232.85
"201611";NORDESTE;"01/11/2016";178.59
"201611";NORTE;"01/11/2016";178.59
"201611";SUDESTE;"01/11/2016";178.59
"201611";SUL;"01/11/2016";178.59
"201611";NORDESTE;"05/11/2016";184.23
"201611";NORTE;"05/11/2016";184.23
"201611";SUDESTE;"05/11/2016";184.23
"201611";SUL;"05/11/2016";184.23
"201611";NORDESTE;"12/11/2016";169.9
"201611";NORTE;"12/11/2016";169.9
"201611";SUDESTE;"12/11/2016";169.9
"201611";SUL;"12/11/2016";169.9
"201611";NORDESTE;"19/11/2016";153.48
"201611";NORTE;"19/11/2016";153.48
"201611";SUDESTE;"19/11/2016";153.48
"201611";SUL;"19/11/2016";153.48
"201611";NORDESTE;"26/11/2016";142.85
"201611";NORTE;"26/11/2016";142.85
"201611";SUDESTE;"26/11/2016";142.85
"201611";SUL;"26/11/2016";142.85
"201612";NORDESTE;"03/12/2016";101.99
"201612";NORTE;"03/12/2016";101.99
"201612";SUDESTE;"03/12/2016";101.99
"201612";SUL;"03/12/2016";101.99
"201612";NORDESTE;"10/12/2016";121.56
"201612";NORTE;"10/12/2016";121.56
"201612";SUDESTE;"10/12/2016";121.56
"201612";SUL;"10/12/2016";121.56
"201612";NORDESTE;"17/12/2016";142.93
"201612";NORTE;"17/12/2016";142.93
"201612";SUDESTE;"17/12/2016";142.93
"201612";SUL;"17/12/2016";142.93
"201612";NORDESTE;"24/12/2016";113.62
"201612";NORTE;"24/12/2016";113.62
"201612";SUDESTE;"24/12/2016";113.62
"201612";SUL;"24/12/2016";113.62
"201612";NORDESTE;"31/12/2016";140.86
"201612";NORTE;"31/12/2016";140.86
"201612";SUDESTE;"31/12/2016";140.86
"201612";SUL;"31/12/2016";140.86
"201701";NORDESTE;"07/01/2017";124.05
"201701";NORTE;"07/01/2017";101.24
"201701";SUDESTE;"07/01/2017";101.24
"201701";SUL;"07/01/2017";101.24
"201701";NORDESTE;"14/01/2017";135.09
"201701";NORTE;"14/01/2017";128.5
"201701";SUDESTE;"14/01/2017";128.5
"201701";SUL;"14/01/2017";128.5
"201701";NORDESTE;"21/01/2017";138.94
"201701";NORTE;"21/01/2017";129.9
"201701";SUDESTE;"21/01/2017";129.9
"201701";SUL;"21/01/2017";129.9
"201701";NORDESTE;"28/01/2017";171.33
"201701";NORTE;"28/01/2017";100.64
"201701";SUDESTE;"28/01/2017";100.64
"201701";SUL;"28/01/2017";100.64
"201702";NORDESTE;"04/02/2017";171.33
"201702";NORTE;"04/02/2017";111.91
"201702";SUDESTE;"04/02/2017";111.91
"201702";SUL;"04/02/2017";111.91
"201702";NORDESTE;"11/02/2017";159.77
"201702";NORTE;"11/02/2017";120.97
"201702";SUDESTE;"11/02/2017";120.97
"201702";SUL;"11/02/2017";120.97
"201702";NORDESTE;"18/02/2017";148.93
"201702";NORTE;"18/02/2017";33.68
"201702";SUDESTE;"18/02/2017";132.38
"201702";SUL;"18/02/2017";132.38
"201702";NORDESTE;"25/02/2017";184.49
"201702";NORTE;"25/02/2017";33.68
"201702";SUDESTE;"25/02/2017";184.49
"201702";SUL;"25/02/2017";184.49
"201703";NORDESTE;"04/03/2017";185.06
"201703";NORTE;"04/03/2017";33.68
"201703";SUDESTE;"04/03/2017";185.06
"201703";SUL;"04/03/2017";185.06
"201703";NORDESTE;"11/03/2017";241.65
"201703";NORTE;"11/03/2017";33.68
"201703";SUDESTE;"11/03/2017";238.55
"201703";SUL;"11/03/2017";238.55
"201703";NORDESTE;"18/03/2017";386.46
"201703";NORTE;"18/03/2017";33.68
"201703";SUDESTE;"18/03/2017";219.1
"201703";SUL;"18/03/2017";219.1
"201703";NORDESTE;"25/03/2017";365.35
"201703";NORTE;"25/03/2017";33.68
"201703";SUDESTE;"25/03/2017";235.67
"201703";SUL;"25/03/2017";235.67
"201704";NORDESTE;"01/04/2017";430.14
"201704";NORTE;"01/04/2017";33.68
"201704";SUDESTE;"01/04/2017";426.1
"201704";SUL;"01/04/2017";426.1
"201704";NORDESTE;"08/04/2017";356.68
"201704";NORTE;"08/04/2017";33.68
"201704";SUDESTE;"08/04/2017";356.68
"201704";SUL;"08/04/2017";356.68
"201704";NORDESTE;"15/04/2017";350.66
"201704";NORTE;"15/04/2017";33.68
"201704";SUDESTE;"15/04/2017";350.66
"201704";SUL;"15/04/2017";350.66
"201704";NORDESTE;"22/04/2017";331.01
"201704";NORTE;"22/04/2017";33.68
"201704";SUDESTE;"22/04/2017";331.01
"201704";SUL;"22/04/2017";331.01
"201704";NORDESTE;"29/04/2017";448.58
"201704";NORTE;"29/04/2017";33.68
"201704";SUDESTE;"29/04/2017";448.58
"201704";SUL;"29/04/2017";448.58
"201705";NORDESTE;"06/05/2017";463.69
"201705";NORTE;"06/05/2017";33.68
"201705";SUDESTE;"06/05/2017";463.69
"201705";SUL;"06/05/2017";463.69
"201705";NORDESTE;"13/05/2017";477.5
"201705";NORTE;"13/05/2017";145.62
"201705";SUDESTE;"13/05/2017";477.5
"201705";SUL;"13/05/2017";477.5
"201705";NORDESTE;"20/05/2017";478.01
"201705";NORTE;"20/05/2017";476.01
"201705";SUDESTE;"20/05/2017";478.01
"201705";SUL;"20/05/2017";478.01
"201705";NORDESTE;"27/05/2017";157.33
"201705";NORTE;"27/05/2017";118.77
"201705";SUDESTE;"27/05/2017";118.77
"201705";SUL;"27/05/2017";118.77
"201706";NORDESTE;"03/06/2017";127.6
"201706";NORTE;"03/06/2017";103.07
"201706";SUDESTE;"03/06/2017";103.07
"201706";SUL;"03/06/2017";33.68
"201706";NORDESTE;"10/06/2017";123.25
"201706";NORTE;"10/06/2017";93.9
"201706";SUDESTE;"10/06/2017";93.9
"201706";SUL;"10/06/2017";33.68
"201706";NORDESTE;"17/06/2017";140.18
"201706";NORTE;"17/06/2017";140.18
"201706";SUDESTE;"17/06/2017";140.18
"201706";SUL;"17/06/2017";87
"201706";NORDESTE;"24/06/2017";178.85
"201706";NORTE;"24/06/2017";178.85
"201706";SUDESTE;"24/06/2017";160.62
"201706";SUL;"24/06/2017";91.44
"201707";NORDESTE;"01/07/2017";233.32
"201707";NORTE;"01/07/2017";233.32
"201707";SUDESTE;"01/07/2017";233.32
"201707";SUL;"01/07/2017";233.32
"201707";NORDESTE;"08/07/2017";253.45
"201707";NORTE;"08/07/2017";253.45
"201707";SUDESTE;"08/07/2017";253.45
"201707";SUL;"08/07/2017";253.45
"201707";NORDESTE;"15/07/2017";266.98
"201707";NORTE;"15/07/2017";266.98
"201707";SUDESTE;"15/07/2017";266.98
"201707";SUL;"15/07/2017";266.98
"201707";NORDESTE;"22/07/2017";269.76
"201707";NORTE;"22/07/2017";269.76
"201707";SUDESTE;"22/07/2017";269.76
"201707";SUL;"22/07/2017";269.76
"201707";NORDESTE;"29/07/2017";514.66
"201707";NORTE;"29/07/2017";514.66
"201707";SUDESTE;"29/07/2017";514.66
"201707";SUL;"29/07/2017";514.66
"201708";NORDESTE;"05/08/2017";533.82
"201708";NORTE;"05/08/2017";533.82
"201708";SUDESTE;"05/08/2017";533.82
"201708";SUL;"05/08/2017";533.82
"201708";NORDESTE;"12/08/2017";521.83
"201708";NORTE;"12/08/2017";521.83
"201708";SUDESTE;"12/08/2017";521.83
"201708";SUL;"12/08/2017";521.83
"201708";NORDESTE;"19/08/2017";505.61
"201708";NORTE;"19/08/2017";505.61
"201708";SUDESTE;"19/08/2017";505.61
"201708";SUL;"19/08/2017";505.61
"201708";NORDESTE;"26/08/2017";449.04
"201708";NORTE;"26/08/2017";449.04
"201708";SUDESTE;"26/08/2017";449.04
"201708";SUL;"26/08/2017";449.04
"201709";NORDESTE;"02/09/2017";494.46
"201709";NORTE;"02/09/2017";494.46
"201709";SUDESTE;"02/09/2017";494.46
"201709";SUL;"02/09/2017";494.46
"201709";NORDESTE;"09/09/2017";533.82
"201709";NORTE;"09/09/2017";533.82
"201709";SUDESTE;"09/09/2017";533.82
"201709";SUL;"09/09/2017";533.82
"201709";NORDESTE;"16/09/2017";533.82
"201709";NORTE;"16/09/2017";533.82
"201709";SUDESTE;"16/09/2017";533.82
"201709";SUL;"16/09/2017";533.82
"201709";NORDESTE;"23/09/2017";533.82
"201709";NORTE;"23/09/2017";533.82
"201709";SUDESTE;"23/09/2017";533.82
"201709";SUL;"23/09/2017";533.82
"201709";NORDESTE;"30/09/2017";533.82
"201709";NORTE;"30/09/2017";533.82
"201709";SUDESTE;"30/09/2017";533.82
"201709";SUL;"30/09/2017";533.82
"201710";NORDESTE;"07/10/2017";533.82
"201710";NORTE;"07/10/2017";533.82
"201710";SUDESTE;"07/10/2017";533.82
"201710";SUL;"07/10/2017";533.82
"201710";NORDESTE;"14/10/2017";533.82
"201710";NORTE;"14/10/2017";533.82
"201710";SUDESTE;"14/10/2017";533.82
"201710";SUL;"14/10/2017";533.82
"201710";NORDESTE;"21/10/2017";533.82
"201710";NORTE;"21/10/2017";533.82
"201710";SUDESTE;"21/10/2017";533.82
"201710";SUL;"21/10/2017";533.82
"201710";NORDESTE;"28/10/2017";533.82
"201710";NORTE;"28/10/2017";533.82
"201710";SUDESTE;"28/10/2017";533.82
"201710";SUL;"28/10/2017";533.82
"201711";NORDESTE;"04/11/2017";483.21
"201711";NORTE;"04/11/2017";483.21
"201711";SUDESTE;"04/11/2017";483.21
"201711";SUL;"04/11/2017";483.21
"201711";NORDESTE;"11/11/2017";481.66
"201711";NORTE;"11/11/2017";481.66
"201711";SUDESTE;"11/11/2017";481.66
"201711";SUL;"11/11/2017";481.66
"201711";NORDESTE;"18/11/2017";449.83
"201711";NORTE;"18/11/2017";449.83
"201711";SUDESTE;"18/11/2017";449.83
"201711";SUL;"18/11/2017";449.83
"201711";NORDESTE;"25/11/2017";208.53
"201711";NORTE;"25/11/2017";208.53
"201711";SUDESTE;"25/11/2017";208.53
"201711";SUL;"25/11/2017";208.52
"201712";NORDESTE;"02/12/2017";220.16
"201712";NORTE;"02/12/2017";220.16
"201712";SUDESTE;"02/12/2017";220.16
"201712";SUL;"02/12/2017";220.16
"201712";NORDESTE;"09/12/2017";214.51
"201712";NORTE;"09/12/2017";214.51
"201712";SUDESTE;"09/12/2017";214.51
"201712";SUL;"09/12/2017";214.51
"201712";NORDESTE;"16/12/2017";274.98
"201712";NORTE;"16/12/2017";274.98
"201712";SUDESTE;"16/12/2017";274.98
"201712";SUL;"16/12/2017";274.98
"201712";NORDESTE;"23/12/2017";245.63
"201712";NORTE;"23/12/2017";245.63
"201712";SUDESTE;"23/12/2017";245.63
"201712";SUL;"23/12/2017";245.63
"201712";NORDESTE;"30/12/2017";182.49
"201712";NORTE;"30/12/2017";168.14
"201712";SUDESTE;"30/12/2017";196.1
"201712";SUL;"30/12/2017";199.55
"201801";NORDESTE;"06/01/2018";179.91
"201801";NORTE;"06/01/2018";165.52
"201801";SUDESTE;"06/01/2018";176.64
"201801";SUL;"06/01/2018";178.67
"201801";NORDESTE;"13/01/2018";162.06
"201801";NORTE;"13/01/2018";142.37
"201801";SUDESTE;"13/01/2018";162.95
"201801";SUL;"13/01/2018";165.82
"201801";NORDESTE;"20/01/2018";190.37
"201801";NORTE;"20/01/2018";145.6
"201801";SUDESTE;"20/01/2018";192.89
"201801";SUL;"20/01/2018";191.89
"201801";NORDESTE;"27/01/2018";176.34
"201801";NORTE;"27/01/2018";78.68
"201801";SUDESTE;"27/01/2018";175.04
"201801";SUL;"27/01/2018";152.06
"201802";NORDESTE;"03/02/2018";176.42
"201802";NORTE;"03/02/2018";40.16
"201802";SUDESTE;"03/02/2018";179.42
"201802";SUL;"03/02/2018";178.5
"201802";NORDESTE;"10/02/2018";167.6
"201802";NORTE;"10/02/2018";40.16
"201802";SUDESTE;"10/02/2018";170.45
"201802";SUL;"10/02/2018";173.44
"201802";NORDESTE;"17/02/2018";184.27
"201802";NORTE;"17/02/2018";40.16
"201802";SUDESTE;"17/02/2018";210.79
"201802";SUL;"17/02/2018";214.37
"201802";NORDESTE;"24/02/2018";189.22
"201802";NORTE;"24/02/2018";40.16
"201802";SUDESTE;"24/02/2018";201.98
"201802";SUL;"24/02/2018";201.98
"201803";NORDESTE;"03/03/2018";223.21
"201803";NORTE;"03/03/2018";40.16
"201803";SUDESTE;"03/03/2018";223.21
"201803";SUL;"03/03/2018";223.21
"201803";NORDESTE;"10/03/2018";236.02
"201803";NORTE;"10/03/2018";40.16
"201803";SUDESTE;"10/03/2018";236.02
"201803";SUL;"10/03/2018";236.02
"201803";NORDESTE;"17/03/2018";218.38
"201803";NORTE;"17/03/2018";40.16
"201803";SUDESTE;"17/03/2018";219.5
"201803";SUL;"17/03/2018";219.5
"201803";NORDESTE;"24/03/2018";228.54
"201803";NORTE;"24/03/2018";40.16
"201803";SUDESTE;"24/03/2018";228.54
"201803";SUL;"24/03/2018";228.54
"201803";NORDESTE;"31/03/2018";40.16
"201803";NORTE;"31/03/2018";40.16
"201803";SUDESTE;"31/03/2018";40.16
"201803";SUL;"31/03/2018";40.16
"201804";NORDESTE;"07/04/2018";106.83
"201804";NORTE;"07/04/2018";78.04
"201804";SUDESTE;"07/04/2018";84.83
"201804";SUL;"07/04/2018";84.83
"201804";NORDESTE;"14/04/2018";122.73
"201804";NORTE;"14/04/2018";49.29
"201804";SUDESTE;"14/04/2018";122.73
"201804";SUL;"14/04/2018";122.73
"201804";NORDESTE;"21/04/2018";135.38
"201804";NORTE;"21/04/2018";40.16
"201804";SUDESTE;"21/04/2018";135.38
"201804";SUL;"21/04/2018";135.38
"201804";NORDESTE;"28/04/2018";154.51
"201804";NORTE;"28/04/2018";40.16
"201804";SUDESTE;"28/04/2018";216.86
"201804";SUL;"28/04/2018";216.86
"201805";NORDESTE;"05/05/2018";154.51
"201805";NORTE;"05/05/2018";40.16
"201805";SUDESTE;"05/05/2018";305.96
"201805";SUL;"05/05/2018";305.96
"201805";NORDESTE;"12/05/2018";165.95
"201805";NORTE;"12/05/2018";114.9
"201805";SUDESTE;"12/05/2018";326.46
"201805";SUL;"12/05/2018";326.46
"201805";NORDESTE;"19/05/2018";201.88
"201805";NORTE;"19/05/2018";201.88
"201805";SUDESTE;"19/05/2018";340.8
"201805";SUL;"19/05/2018";340.8
"201805";NORDESTE;"26/05/2018";380.73
"201805";NORTE;"26/05/2018";380.73
"201805";SUDESTE;"26/05/2018";402.29
"201805";SUL;"26/05/2018";402.29
"201806";NORDESTE;"02/06/2018";321.06
"201806";NORTE;"02/06/2018";321.06
"201806";SUDESTE;"02/06/2018";440.98
"201806";SUL;"02/06/2018";440.98
"201806";NORDESTE;"09/06/2018";463.52
"201806";NORTE;"09/06/2018";463.52
"201806";SUDESTE;"09/06/2018";472.21
"201806";SUL;"09/06/2018";472.21
"201806";NORDESTE;"16/06/2018";477.77
"201806";NORTE;"16/06/2018";477.77
"201806";SUDESTE;"16/06/2018";477.77
"201806";SUL;"16/06/2018";477.77
"201806";NORDESTE;"23/06/2018";505.18
"201806";NORTE;"23/06/2018";505.18
"201806";SUDESTE;"23/06/2018";505.18
"201806";SUL;"23/06/2018";505.18
"201806";NORDESTE;"30/06/2018";505.18
"201806";NORTE;"30/06/2018";505.18
"201806";SUDESTE;"30/06/2018";505.18
"201806";SUL;"30/06/2018";505.18
"201807";NORDESTE;"07/07/2018";505.18
"201807";NORTE;"07/07/2018";505.18
"201807";SUDESTE;"07/07/2018";505.18
"201807";SUL;"07/07/2018";505.18
"201807";NORDESTE;"14/07/2018";505.18
"201807";NORTE;"14/07/2018";505.18
"201807";SUDESTE;"14/07/2018";505.18
"201807";SUL;"14/07/2018";505.18
"201807";NORDESTE;"21/07/2018";505.18
"201807";NORTE;"21/07/2018";505.18
"201807";SUDESTE;"21/07/2018";505.18
"201807";SUL;"21/07/2018";505.18
"201807";NORDESTE;"28/07/2018";505.18
"201807";NORTE;"28/07/2018";505.18
"201807";SUDESTE;"28/07/2018";505.18
"201807";SUL;"28/07/2018";505.18
"201808";NORDESTE;"04/08/2018";505.18
"201808";NORTE;"04/08/2018";505.18
"201808";SUDESTE;"04/08/2018";505.18
"201808";SUL;"04/08/2018";505.18
"201808";NORDESTE;"11/08/2018";505.18
"201808";NORTE;"11/08/2018";505.18
"201808";SUDESTE;"11/08/2018";505.18
"201808";SUL;"11/08/2018";505.18
"201808";NORDESTE;"18/08/2018";505.18
"201808";NORTE;"18/08/2018";505.18
"201808";SUDESTE;"18/08/2018";505.18
"201808";SUL;"18/08/2018";505.18
"201808";NORDESTE;"25/08/2018";505.18
"201808";NORTE;"25/08/2018";505.18
"201808";SUDESTE;"25/08/2018";505.18
"201808";SUL;"25/08/2018";505.18
"201809";NORDESTE;"01/09/2018";486.25
"201809";NORTE;"01/09/2018";489.78
"201809";SUDESTE;"01/09/2018";486.25
"201809";SUL;"01/09/2018";486.25
"201809";NORDESTE;"08/09/2018";496.28
"201809";NORTE;"08/09/2018";496.28
"201809";SUDESTE;"08/09/2018";496.28
"201809";SUL;"08/09/2018";496.28
"201809";NORDESTE;"15/09/2018";491.71
"201809";NORTE;"15/09/2018";491.71
"201809";SUDESTE;"15/09/2018";491.71
"201809";SUL;"15/09/2018";491.71
"201809";NORDESTE;"22/09/2018";441.87
"201809";NORTE;"22/09/2018";441.87
"201809";SUDESTE;"22/09/2018";441.87
"201809";SUL;"22/09/2018";441.87
"201809";NORDESTE;"29/09/2018";386.47
"201809";NORTE;"29/09/2018";386.47
"201809";SUDESTE;"29/09/2018";386.47
"201809";SUL;"29/09/2018";386.47
"201810";NORDESTE;"06/10/2018";325.52
"201810";NORTE;"06/10/2018";325.52
"201810";SUDESTE;"06/10/2018";325.52
"201810";SUL;"06/10/2018";325.52
"201810";NORDESTE;"13/10/2018";270.28
"201810";NORTE;"13/10/2018";270.28
"201810";SUDESTE;"13/10/2018";270.28
"201810";SUL;"13/10/2018";270.28
"201810";NORDESTE;"20/10/2018";229.71
"201810";NORTE;"20/10/2018";229.71
"201810";SUDESTE;"20/10/2018";229.71
"201810";SUL;"20/10/2018";229.71
"201810";NORDESTE;"27/10/2018";142.4
"201810";NORTE;"27/10/2018";142.4
"201810";SUDESTE;"27/10/2018";142.4
"201810";SUL;"27/10/2018";142.4
"201811";NORDESTE;"03/11/2018";149.95
"201811";NORTE;"03/11/2018";149.95
"201811";SUDESTE;"03/11/2018";149.95
"201811";SUL;"03/11/2018";149.95
"201811";NORDESTE;"10/11/2018";120.77
"201811";NORTE;"10/11/2018";120.77
"201811";SUDESTE;"10/11/2018";120.77
"201811";SUL;"10/11/2018";120.77
"201811";NORDESTE;"17/11/2018";119.21
"201811";NORTE;"17/11/2018";119.21
"201811";SUDESTE;"17/11/2018";119.21
"201811";SUL;"17/11/2018";119.21
"201811";NORDESTE;"24/11/2018";100.72
"201811";NORTE;"24/11/2018";100.72
"201811";SUDESTE;"24/11/2018";100.72
"201811";SUL;"24/11/2018";100.72
"201812";NORDESTE;"01/12/2018";59.16
"201812";NORTE;"01/12/2018";59.04
"201812";SUDESTE;"01/12/2018";59.04
"201812";SUL;"01/12/2018";59.04
"201812";NORDESTE;"08/12/2018";66.41
"201812";NORTE;"08/12/2018";66.13
"201812";SUDESTE;"08/12/2018";66.13
"201812";SUL;"08/12/2018";66.13
"201812";NORDESTE;"15/12/2018";79.16
"201812";NORTE;"15/12/2018";40.16
"201812";SUDESTE;"15/12/2018";79.16
"201812";SUL;"15/12/2018";79.16
"201812";NORDESTE;"22/12/2018";87.21
"201812";NORTE;"22/12/2018";40.16
"201812";SUDESTE;"22/12/2018";87.21
"201812";SUL;"22/12/2018";87.21
"201812";NORDESTE;"29/12/2018";53.86
"201812";NORTE;"29/12/2018";53.86
"201812";SUDESTE;"29/12/2018";136.43
"201812";SUL;"29/12/2018";136.43
"201901";NORDESTE;"05/01/2019";103.89
"201901";NORTE;"05/01/2019";103.89
"201901";SUDESTE;"05/01/2019";138.8
"201901";SUL;"05/01/2019";138.8
"201901";NORDESTE;"12/01/2019";80.44
"201901";NORTE;"12/01/2019";80.44
"201901";SUDESTE;"12/01/2019";166.17
"201901";SUL;"12/01/2019";166.17
"201901";NORDESTE;"19/01/2019";42.35
"201901";NORTE;"19/01/2019";42.35
"201901";SUDESTE;"19/01/2019";178.76
"201901";SUL;"19/01/2019";178.76
"201901";NORDESTE;"26/01/2019";137.55
"201901";NORTE;"26/01/2019";83.06
"201901";SUDESTE;"26/01/2019";337.1
"201901";SUL;"26/01/2019";337.1
"201902";NORDESTE;"02/02/2019";141.05
"201902";NORTE;"02/02/2019";42.35
"201902";SUDESTE;"02/02/2019";451.57
"201902";SUL;"02/02/2019";451.57
"201902";NORDESTE;"09/02/2019";178.71
"201902";NORTE;"09/02/2019";48.14
"201902";SUDESTE;"09/02/2019";510.81
"201902";SUL;"09/02/2019";510.81
"201902";NORDESTE;"16/02/2019";164.36
"201902";NORTE;"16/02/2019";42.35
"201902";SUDESTE;"16/02/2019";472.96
"201902";SUL;"16/02/2019";472.96
"201902";NORDESTE;"23/02/2019";178.71
"201902";NORTE;"23/02/2019";42.35
"201902";SUDESTE;"23/02/2019";339.46
"201902";SUL;"23/02/2019";339.46
"201903";NORDESTE;"02/03/2019";164.36
"201903";NORTE;"02/03/2019";42.35
"201903";SUDESTE;"02/03/2019";251.81
"201903";SUL;"02/03/2019";251.81
"201903";NORDESTE;"09/03/2019";160.22
"201903";NORTE;"09/03/2019";42.35
"201903";SUDESTE;"09/03/2019";250.06
"201903";SUL;"09/03/2019";250.06
"201903";NORDESTE;"16/03/2019";160.22
"201903";NORTE;"16/03/2019";42.35
"201903";SUDESTE;"16/03/2019";199.09
"201903";SUL;"16/03/2019";199.09
"201903";NORDESTE;"23/03/2019";160.22
"201903";NORTE;"23/03/2019";42.35
"201903";SUDESTE;"23/03/2019";229.74
"201903";SUL;"23/03/2019";229.74
"201903";NORDESTE;"30/03/2019";42.35
"201903";NORTE;"30/03/2019";42.35
"201903";SUDESTE;"30/03/2019";210.52
"201903";SUL;"30/03/2019";210.52
"201904";NORDESTE;"06/04/2019";42.35
"201904";NORTE;"06/04/2019";42.35
"201904";SUDESTE;"06/04/2019";181.41
"201904";SUL;"06/04/2019";181.41
"201904";NORDESTE;"13/04/2019";42.35
"201904";NORTE;"13/04/2019";42.35
"201904";SUDESTE;"13/04/2019";186.94
"201904";SUL;"13/04/2019";186.94
"201904";NORDESTE;"20/04/2019";42.35
"201904";NORTE;"20/04/2019";42.35
"201904";SUDESTE;"20/04/2019";172.38
"201904";SUL;"20/04/2019";172.38
"201904";NORDESTE;"27/04/2019";42.35
"201904";NORTE;"27/04/2019";42.35
"201904";SUDESTE;"27/04/2019";142.12
"201904";SUL;"27/04/2019";142.12
"201905";NORDESTE;"04/05/2019";42.35
"201905";NORTE;"04/05/2019";42.35
"201905";SUDESTE;"04/05/2019";174.86
"201905";SUL;"04/05/2019";174.86
"201905";NORDESTE;"11/05/2019";42.35
"201905";NORTE;"11/05/2019";42.35
"201905";SUDESTE;"11/05/2019";98.21
"201905";SUL;"11/05/2019";98.21
"201905";NORDESTE;"18/05/2019";80.44
"201905";NORTE;"18/05/2019";80.44
"201905";SUDESTE;"18/05/2019";136.05
"201905";SUL;"18/05/2019";136.05
"201905";NORDESTE;"25/05/2019";42.35
"201905";NORTE;"25/05/2019";42.35
"201905";SUDESTE;"25/05/2019";128.33
"201905";SUL;"25/05/2019";128.33
"201906";NORDESTE;"01/06/2019";42.35
"201906";NORTE;"01/06/2019";42.35
"201906";SUDESTE;"01/06/2019";42.35
"201906";SUL;"01/06/2019";42.35
"201906";NORDESTE;"08/06/2019";42.35
"201906";NORTE;"08/06/2019";42.35
"201906";SUDESTE;"08/06/2019";42.35
"201906";SUL;"08/06/2019";42.35
"201906";NORDESTE;"15/06/2019";78.42
"201906";NORTE;"15/06/2019";78.42
"201906";SUDESTE;"15/06/2019";78.42
"201906";SUL;"15/06/2019";78.42
"201906";NORDESTE;"22/06/2019";124.92
"201906";NORTE;"22/06/2019";124.92
"201906";SUDESTE;"22/06/2019";124.92
"201906";SUL;"22/06/2019";124.92
"201906";NORDESTE;"29/06/2019";170.94
"201906";NORTE;"29/06/2019";170.94
"201906";SUDESTE;"29/06/2019";170.94
"201906";SUL;"29/06/2019";170.94
"201907";NORDESTE;"06/07/2019";177.6
"201907";NORTE;"06/07/2019";177.6
"201907";SUDESTE;"06/07/2019";177.6
"201907";SUL;"06/07/2019";177.6
"201907";NORDESTE;"13/07/2019";175.04
"201907";NORTE;"13/07/2019";175.04
"201907";SUDESTE;"13/07/2019";175.04
"201907";SUL;"13/07/2019";175.04
"201907";NORDESTE;"20/07/2019";186.18
"201907";NORTE;"20/07/2019";186.18
"201907";SUDESTE;"20/07/2019";186.18
"201907";SUL;"20/07/2019";186.18
"201907";NORDESTE;"27/07/2019";174.61
"201907";NORTE;"27/07/2019";174.61
"201907";SUDESTE;"27/07/2019";225
"201907";SUL;"27/07/2019";225
"201908";NORDESTE;"03/08/2019";217.98
"201908";NORTE;"03/08/2019";217.98
"201908";SUDESTE;"03/08/2019";236.35
"201908";SUL;"03/08/2019";236.35
"201908";NORDESTE;"10/08/2019";217.98
"201908";NORTE;"10/08/2019";217.98
"201908";SUDESTE;"10/08/2019";233.3
"201908";SUL;"10/08/2019";233.3
"201908";NORDESTE;"17/08/2019";223.39
"201908";NORTE;"17/08/2019";223.39
"201908";SUDESTE;"17/08/2019";241.04
"201908";SUL;"17/08/2019";241.04
"201908";NORDESTE;"24/08/2019";198.37
"201908";NORTE;"24/08/2019";198.37
"201908";SUDESTE;"24/08/2019";247.08
"201908";SUL;"24/08/2019";247.08
"201908";NORDESTE;"31/08/2019";200.34
"201908";NORTE;"31/08/2019";200.34
"201908";SUDESTE;"31/08/2019";200.69
"201908";SUL;"31/08/2019";200.69
"201909";NORDESTE;"07/09/2019";210.71
"201909";NORTE;"07/09/2019";210.71
"201909";SUDESTE;"07/09/2019";210.71
"201909";SUL;"07/09/2019";210.71
"201909";NORDESTE;"14/09/2019";221.28
"201909";NORTE;"14/09/2019";221.28
"201909";SUDESTE;"14/09/2019";225.55
"201909";SUL;"14/09/2019";225.55
"201909";NORDESTE;"21/09/2019";231.12
"201909";NORTE;"21/09/2019";231.12
"201909";SUDESTE;"21/09/2019";231.12
"201909";SUL;"21/09/2019";231.12
"201909";NORDESTE;"28/09/2019";238.02
"201909";NORTE;"28/09/2019";238.02
"201909";SUDESTE;"28/09/2019";238.02
"201909";SUL;"28/09/2019";238.02
"201910";NORDESTE;"05/10/2019";270.84
"201910";NORTE;"05/10/2019";270.84
"201910";SUDESTE;"05/10/2019";270.84
"201910";SUL;"05/10/2019";270.84
"201910";NORDESTE;"12/10/2019";273.52
"201910";NORTE;"12/10/2019";273.52
"201910";SUDESTE;"12/10/2019";273.52
"201910";SUL;"12/10/2019";273.52
"201910";NORDESTE;"19/10/2019";273.51
"201910";NORTE;"19/10/2019";273.51
"201910";SUDESTE;"19/10/2019";273.51
"201910";SUL;"19/10/2019";273.51
"201910";NORDESTE;"26/10/2019";301.65
"201910";NORTE;"26/10/2019";301.65
"201910";SUDESTE;"26/10/2019";301.65
"201910";SUL;"26/10/2019";301.65
"201911";NORDESTE;"02/11/2019";334.73
"201911";NORTE;"02/11/2019";334.73
"201911";SUDESTE;"02/11/2019";334.73
"201911";SUL;"02/11/2019";334.73
"201911";NORDESTE;"09/11/2019";308.2
"201911";NORTE;"09/11/2019";308.2
"201911";SUDESTE;"09/11/2019";308.2
"201911";SUL;"09/11/2019";308.2
"201911";NORDESTE;"16/11/2019";322.84
"201911";NORTE;"16/11/2019";322.84
"201911";SUDESTE;"16/11/2019";322.84
"201911";SUL;"16/11/2019";322.84
"201911";NORDESTE;"23/11/2019";317.33
"201911";NORTE;"23/11/2019";317.33
"201911";SUDESTE;"23/11/2019";317.33
"201911";SUL;"23/11/2019";317.33
"201911";NORDESTE;"30/11/2019";234.99
"201911";NORTE;"30/11/2019";234.99
"201911";SUDESTE;"30/11/2019";234.99
"201911";SUL;"30/11/2019";234.99
"201912";NORDESTE;"07/12/2019";217.57
"201912";NORTE;"07/12/2019";217.57
"201912";SUDESTE;"07/12/2019";217.57
"201912";SUL;"07/12/2019";217.57
"201912";NORDESTE;"14/12/2019";226.59
"201912";NORTE;"14/12/2019";226.59
"201912";SUDESTE;"14/12/2019";226.59
"201912";SUL;"14/12/2019";226.59
"201912";NORDESTE;"21/12/2019";195.13
"201912";NORTE;"21/12/2019";195.13
"201912";SUDESTE;"21/12/2019";195.13
"201912";SUL;"21/12/2019";195.13
"201912";NORDESTE;"28/12/2019";290.33
"201912";NORTE;"28/12/2019";290.33
"201912";SUDESTE;"28/12/2019";290.33
"201912";SUL;"28/12/2019";290.33
"202001";NORDESTE;"04/01/2020";368.51
"202001";NORTE;"04/01/2020";368.51
"202001";SUDESTE;"04/01/2020";368.51
"202001";SUL;"04/01/2020";368.51
"202001";NORDESTE;"11/01/2020";268.32
"202001";NORTE;"11/01/2020";268.32
"202001";SUDESTE;"11/01/2020";268.32
"202001";SUL;"11/01/2020";268.32
"202001";NORDESTE;"18/01/2020";355.42
"202001";NORTE;"18/01/2020";355.42
"202001";SUDESTE;"18/01/2020";355.42
"202001";SUL;"18/01/2020";355.42
"202001";NORDESTE;"25/01/2020";332.28
"202001";NORTE;"25/01/2020";332.28
"202001";SUDESTE;"25/01/2020";333
"202001";SUL;"25/01/2020";333
"202002";NORDESTE;"01/02/2020";190.96
"202002";NORTE;"01/02/2020";190.96
"202002";SUDESTE;"01/02/2020";190.96
"202002";SUL;"01/02/2020";191.01
"202002";NORDESTE;"08/02/2020";150.67
"202002";NORTE;"08/02/2020";149.89
"202002";SUDESTE;"08/02/2020";150.67
"202002";SUL;"08/02/2020";174.24
"202002";NORDESTE;"15/02/2020";144.93
"202002";NORTE;"15/02/2020";132.63
"202002";SUDESTE;"15/02/2020";146.13
"202002";SUL;"15/02/2020";171.14
"202002";NORDESTE;"22/02/2020";125.8
"202002";NORTE;"22/02/2020";39.68
"202002";SUDESTE;"22/02/2020";143.85
"202002";SUL;"22/02/2020";180.77
"202002";NORDESTE;"29/02/2020";58.6
"202002";NORTE;"29/02/2020";57.34
"202002";SUDESTE;"29/02/2020";58.6
"202002";SUL;"29/02/2020";66.78
"202003";NORDESTE;"07/03/2020";84.67
"202003";NORTE;"07/03/2020";39.68
"202003";SUDESTE;"07/03/2020";86.62
"202003";SUL;"07/03/2020";158.2
"202003";NORDESTE;"14/03/2020";98.97
"202003";NORTE;"14/03/2020";39.68
"202003";SUDESTE;"14/03/2020";100.86
"202003";SUL;"14/03/2020";224.12
"202003";NORDESTE;"21/03/2020";39.68
"202003";NORTE;"21/03/2020";39.68
"202003";SUDESTE;"21/03/2020";101.98
"202003";SUL;"21/03/2020";201.83
"202003";NORDESTE;"28/03/2020";39.68
"202003";NORTE;"28/03/2020";39.68
"202003";SUDESTE;"28/03/2020";39.68
"202003";SUL;"28/03/2020";39.68
"202004";NORDESTE;"04/04/2020";39.68
"202004";NORTE;"04/04/2020";39.68
"202004";SUDESTE;"04/04/2020";39.68
"202004";SUL;"04/04/2020";39.68
"202004";NORDESTE;"11/04/2020";39.68
"202004";NORTE;"11/04/2020";39.68
"202004";SUDESTE;"11/04/2020";39.68
"202004";SUL;"11/04/2020";39.68
"202004";NORDESTE;"18/04/2020";39.68
"202004";NORTE;"18/04/2020";39.68
"202004";SUDESTE;"18/04/2020";39.68
"202004";SUL;"18/04/2020";39.68
"202004";NORDESTE;"25/04/2020";39.68
"202004";NORTE;"25/04/2020";39.68
"202004";SUDESTE;"25/04/2020";39.68
"202004";SUL;"25/04/2020";39.68
"202005";NORDESTE;"02/05/2020";39.68
"202005";NORTE;"02/05/2020";39.68
"202005";SUDESTE;"02/05/2020";53.85
"202005";SUL;"02/05/2020";53.85
"202005";NORDESTE;"09/05/2020";39.68
"202005";NORTE;"09/05/2020";39.68
"202005";SUDESTE;"09/05/2020";61.33
"202005";SUL;"09/05/2020";61.33
"202005";NORDESTE;"16/05/2020";39.68
"202005";NORTE;"16/05/2020";39.68
"202005";SUDESTE;"16/05/2020";78.88
"202005";SUL;"16/05/2020";78.88
"202005";NORDESTE;"23/05/2020";39.68
"202005";NORTE;"23/05/2020";39.68
"202005";SUDESTE;"23/05/2020";91.41
"202005";SUL;"23/05/2020";91.41
"202005";NORDESTE;"30/05/2020";39.68
"202005";NORTE;"30/05/2020";39.68
"202005";SUDESTE;"30/05/2020";104.09
"202005";SUL;"30/05/2020";104.09
"202006";NORDESTE;"06/06/2020";39.68
"202006";NORTE;"06/06/2020";39.68
"202006";SUDESTE;"06/06/2020";114.92
"202006";SUL;"06/06/2020";114.92
"202006";NORDESTE;"13/06/2020";86.21
"202006";NORTE;"13/06/2020";86.21
"202006";SUDESTE;"13/06/2020";127.68
"202006";SUL;"13/06/2020";127.68
"202006";NORDESTE;"20/06/2020";89.07
"202006";NORTE;"20/06/2020";89.07
"202006";SUDESTE;"20/06/2020";117.82
"202006";SUL;"20/06/2020";117.82
"202006";NORDESTE;"27/06/2020";90.69
"202006";NORTE;"27/06/2020";94.82
"202006";SUDESTE;"27/06/2020";96.57
"202006";SUL;"27/06/2020";96.57
"202007";NORDESTE;"04/07/2020";83.69
"202007";NORTE;"04/07/2020";83.69
"202007";SUDESTE;"04/07/2020";83.69
"202007";SUL;"04/07/2020";83.69
"202007";NORDESTE;"11/07/2020";85.35
"202007";NORTE;"11/07/2020";85.45
"202007";SUDESTE;"11/07/2020";85.45
"202007";SUL;"11/07/2020";85.45
"202007";NORDESTE;"18/07/2020";89.9
"202007";NORTE;"18/07/2020";90.32
"202007";SUDESTE;"18/07/2020";90.32
"202007";SUL;"18/07/2020";90.32
"202007";NORDESTE;"25/07/2020";80.93
"202007";NORTE;"25/07/2020";93.25
"202007";SUDESTE;"25/07/2020";93.25
"202007";SUL;"25/07/2020";93.25
"202008";NORDESTE;"01/08/2020";73.03
"202008";NORTE;"01/08/2020";92.98
"202008";SUDESTE;"01/08/2020";92.98
"202008";SUL;"01/08/2020";92.98
"202008";NORDESTE;"08/08/2020";76.71
"202008";NORTE;"08/08/2020";103.18
"202008";SUDESTE;"08/08/2020";103.18
"202008";SUL;"08/08/2020";103.18
"202008";NORDESTE;"15/08/2020";73.86
"202008";NORTE;"15/08/2020";94.16
"202008";SUDESTE;"15/08/2020";94.16
"202008";SUL;"15/08/2020";94.16
"202008";NORDESTE;"22/08/2020";56.82
"202008";NORTE;"22/08/2020";58.27
"202008";SUDESTE;"22/08/2020";58.27
"202008";SUL;"22/08/2020";58.27
"202008";NORDESTE;"29/08/2020";51.88
"202008";NORTE;"29/08/2020";66.89
"202008";SUDESTE;"29/08/2020";66.89
"202008";SUL;"29/08/2020";66.89
"202009";NORDESTE;"05/09/2020";55.23
"202009";NORTE;"05/09/2020";76.24
"202009";SUDESTE;"05/09/2020";76.24
"202009";SUL;"05/09/2020";76.24
"202009";NORDESTE;"12/09/2020";63.42
"202009";NORTE;"12/09/2020";88.98
"202009";SUDESTE;"12/09/2020";88.98
"202009";SUL;"12/09/2020";88.98
"202009";NORDESTE;"19/09/2020";68.71
"202009";NORTE;"19/09/2020";105.54
"202009";SUDESTE;"19/09/2020";105.54
"202009";SUL;"19/09/2020";105.54
"202009";NORDESTE;"26/09/2020";160.33
"202009";NORTE;"26/09/2020";172.67
"202009";SUDESTE;"26/09/2020";172.67
"202009";SUL;"26/09/2020";172.67
"202010";NORDESTE;"03/10/2020";164.86
"202010";NORTE;"03/10/2020";261.89
"202010";SUDESTE;"03/10/2020";261.89
"202010";SUL;"03/10/2020";261.89
"202010";NORDESTE;"10/10/2020";170.66
"202010";NORTE;"10/10/2020";281.43
"202010";SUDESTE;"10/10/2020";281.43
"202010";SUL;"10/10/2020";281.43
"202010";NORDESTE;"17/10/2020";219.01
"202010";NORTE;"17/10/2020";315.94
"202010";SUDESTE;"17/10/2020";315.94
"202010";SUL;"17/10/2020";315.94
"202010";NORDESTE;"24/10/2020";185.11
"202010";NORTE;"24/10/2020";317.03
"202010";SUDESTE;"24/10/2020";317.03
"202010";SUL;"24/10/2020";317.03
"202010";NORDESTE;"31/10/2020";150.6
"202010";NORTE;"31/10/2020";370.77
"202010";SUDESTE;"31/10/2020";370.77
"202010";SUL;"31/10/2020";370.77
"202011";NORDESTE;"07/11/2020";196.76
"202011";NORTE;"07/11/2020";559.75
"202011";SUDESTE;"07/11/2020";559.75
"202011";SUL;"07/11/2020";559.75
"202011";NORDESTE;"14/11/2020";276.71
"202011";NORTE;"14/11/2020";476.59
"202011";SUDESTE;"14/11/2020";476.59
"202011";SUL;"14/11/2020";476.59
"202011";NORDESTE;"21/11/2020";196.29
"202011";NORTE;"21/11/2020";559.75
"202011";SUDESTE;"21/11/2020";559.75
"202011";SUL;"21/11/2020";559.75
"202011";NORDESTE;"28/11/2020";559.75
"202011";NORTE;"28/11/2020";559.75
"202011";SUDESTE;"28/11/2020";559.75
"202011";SUL;"28/11/2020";559.75
"202012";NORDESTE;"05/12/2020";200.33
"202012";NORTE;"05/12/2020";210.74
"202012";SUDESTE;"05/12/2020";210.74
"202012";SUL;"05/12/2020";210.74
"202012";NORDESTE;"12/12/2020";264.24
"202012";NORTE;"12/12/2020";264.24
"202012";SUDESTE;"12/12/2020";264.24
"202012";SUL;"12/12/2020";264.24
"202012";NORDESTE;"19/12/2020";197.79
"202012";NORTE;"19/12/2020";198.36
"202012";SUDESTE;"19/12/2020";198.36
"202012";SUL;"19/12/2020";198.36
"202012";NORDESTE;"26/12/2020";220.89
"202012";NORTE;"26/12/2020";220.89
"202012";SUDESTE;"26/12/2020";220.89
"202012";SUL;"26/12/2020";220.89
